"","title","details","points","price_info","price_info2"
"1","


レジディアイマデガワ
レジディア今出川","所在地
〒602-0931　京都府京都市上京区堀出シ町
最寄り駅

京都市営バス「今出川新町」停徒歩1分
京都市営烏丸線「今出川」駅 徒歩3分
間取り／面積

1R／22.2m2～25.5m2
契約年数
2年

更新料
6万円
完成年月
1999年03月
向き
東、西
階数・全部屋数

地上7階
建　154部屋

物件種別
マンション
構造
鉄筋コンクリート造
損害保険
要
各室専用設備
室内洗濯置場／セパレート（バス・トイレ）／電化キッチン（IH）／エアコン／インターフォン／センサー感知ライト／クローゼット／シューズケース／吊棚／フローリング／バルコニー／居室仕切ドア
共同設備
オートロック／エレベータ／宅配ボックス／防犯カメラ／駐輪場(原付まで)／BSアンテナ／インターネット対応
取引様態
媒介
","同志社大（今出川）徒歩5分
コンビニ徒歩3分
スーパー徒歩2分
","賃料

5.5万円～6.75万円
敷金
8万円
入館金
12万円
設備維持費
6,500円
備考

衛生費500円（税別）/月




















","賃料

5.5万円～6.75万円
敷金
8万円
入館金
12万円
設備維持費
6,500円
備考

衛生費500円（税別）/月
"
"2","


ケイティマンション
KTマンション","所在地
〒602-0032　京都府京都市上京区岡松町
最寄り駅

京都市営烏丸線「今出川」駅 徒歩1分
間取り／面積

1R／15.1m2～15.6m2
契約年数
2年

更新料
1ヶ月分
完成年月
1984年03月
向き
南、西、北
階数・全部屋数

地上3階
建　45部屋

物件種別
マンション
構造
鉄筋コンクリート造
損害保険
要
各室専用設備
ユニットバス／電化キッチン（IH）／エアコン／クローゼット／フローリング
共同設備
コインランドリー／駐輪場／インターネット対応（無料）
取引様態
媒介
","駅徒歩1分
光ネット無料
生活便利
","賃料

3.9万円
共益費
4,500円
敷金
なし
礼金
5万円


















","賃料

3.9万円
共益費
4,500円
敷金
なし
礼金
5万円
"
"3","


チクヤママンション
築山マンション","所在地
〒602-0034　京都府京都市上京区築山南半町
最寄り駅

京都市営烏丸線「今出川」駅 徒歩4分
京阪本線「出町柳」駅 徒歩19分
叡山電鉄叡山本線「出町柳」駅 自転車7分(約1.7km)
間取り／面積

1R／16m2／7帖
契約年数
1年

更新料
1.1万円
完成年月
1987年01月
向き
東
階数・全部屋数

地上3階
建　12部屋

物件種別
マンション
構造
鉄骨造
損害保険
要
各室専用設備
シャワー／ユニットバス／エアコン
共同設備
コインランドリー／駐輪場／駐輪場(原付まで)
取引様態
媒介
","地下鉄烏丸線「今出川」駅徒歩4分
同志社大生にオススメ
家賃リーズナブル
","賃料

3.8万円
管理費
5,500円
敷金
5万円
礼金
5万円




















","賃料

3.8万円
管理費
5,500円
敷金
5万円
礼金
5万円
"
"4","


オオヒハイツ
大樋ハイツ","所在地
〒602-0031　京都府京都市上京区裏築地町93番4
最寄り駅

京都市営烏丸線「今出川」駅 徒歩3分
京阪本線「出町柳」駅 自転車7分(約1.6km)
叡山電鉄叡山本線「出町柳」駅 自転車7分(約1.7km)
間取り／面積

1R／15m2／6帖
契約年数
1年

更新料
なし
完成年月
1980年03月
向き
西
階数・全部屋数

地上3階
建　0部屋

物件種別
マンション
構造
鉄骨造
損害保険
要
各室専用設備
シャワー／ガスコンロ／エアコン
共同設備
コインランドリー／駐輪場／バイク置場
取引様態
媒介
","地下鉄「今出川」駅徒歩3分
同志社大生にオススメ
家賃リーズナブル
","賃料

2.6万円
管理費
4,000円
敷金
4万円
礼金
2万円









間取り










","賃料

2.6万円
管理費
4,000円
敷金
4万円
礼金
2万円
"
"5","


グリーンヒルカミタチウリ
グリーンヒル上立売","所在地
〒602-0022　京都府京都市上京区上立売東町34-1
最寄り駅

京都市営烏丸線「今出川」駅 徒歩4分
京都市営烏丸線「鞍馬口」駅 徒歩10分
京阪本線「出町柳」駅 自転車7分(約1.7km)
間取り／面積

1K／21m2～25m2／6帖
契約年数
1年

更新料
なし
完成年月
1994年03月
向き
東
階数・全部屋数

地上4階
建　18部屋

物件種別
マンション
構造
鉄筋コンクリート造
損害保険
要
各室専用設備
室内洗濯置場／セパレート（バス・トイレ）／洗面（浴室別）／ガスキッチン２口／エアコン／シューズケース／バルコニー／居室照明器具
共同設備
オートロック／駐輪場
取引様態
媒介
","駅近
独立洗面化粧台
コンビニ徒歩圏内
","賃料

5万円～5.3万円
共益費
2,500円
敷金
なし
礼金
8万円




















","賃料

5万円～5.3万円
共益費
2,500円
敷金
なし
礼金
8万円
"
"6","


メゾンドリュート
メゾン・ド・リュート","所在地
〒602-0931　京都府京都市上京区堀出シ町
最寄り駅

京都市営烏丸線「今出川」駅 徒歩4分
京阪本線「出町柳」駅 徒歩18分
叡山電鉄叡山本線「出町柳」駅 自転車7分(約1.7km)
間取り／面積

1K／20.8m2
契約年数
2年

更新料
なし
完成年月
1987年08月
向き
北
階数・全部屋数

地上10階
建　40部屋

物件種別
マンション
構造
鉄骨鉄筋コンクリート造
損害保険
要
各室専用設備
シャワー／室内洗濯置場／ユニットバス／セパレート（バス・トイレ）／ガスコンロ設置可／エアコン／クローゼット／フローリング／バルコニー
共同設備
オートロック／エレベータ／コインランドリー／駐輪場
設備備考
コンビニ近い／冷房／暖房
取引様態
媒介
","駅徒歩3分
地下鉄「今出川」駅徒歩3分
周辺環境充実
","賃料

4万円～6万円
管理費
5,000円
敷金
1.5ヶ月分
礼金
なし




















","賃料

4万円～6万円
管理費
5,000円
敷金
1.5ヶ月分
礼金
なし
"
"7","


ラナップスクエアキョウトキタノ
ラナップスクエア京都北野","所在地
〒602-8374　京都府京都市上京区西町
最寄り駅

京福電気鉄道北野線「北野白梅町」駅 徒歩1分
間取り／面積

1K／20.3m2
契約年数
2年

更新料
なし
完成年月
2000年08月
向き
南東
階数・全部屋数

地上7階
建　49部屋

物件種別
マンション
構造
鉄筋コンクリート造
損害保険
要
各室専用設備
室内洗濯置場／セパレート（バス・トイレ）／ガスコンロ／冷蔵庫（１ドア）／エアコン／吊棚／バルコニー／居室照明器具
共同設備
オートロック／エレベータ／宅配ボックス／駐輪場／BSアンテナ
取引様態
媒介
","駅徒歩1分
スーパー徒歩2分
コンビニ徒歩4分
","賃料

5.7万円～6.1万円
管理費
0円～6,900円
敷金
3万円
礼金
7万円～13万円




















","賃料

5.7万円～6.1万円
管理費
0円～6,900円
敷金
3万円
礼金
7万円～13万円
"
"8","


ダイジュウイチチョウエイシャトーイズミ
第11長栄シャトー泉","所在地
〒602-0024　京都府京都市上京区上立売町
最寄り駅

京都市営烏丸線「今出川」駅 徒歩6分
京都市営烏丸線「鞍馬口」駅 徒歩10分
間取り／面積

1K／16m2～18m2／6帖
契約年数
2年

更新料
3.6万円
完成年月
1983年09月
向き
北、南
階数・全部屋数

地上3階
建　18部屋

物件種別
マンション
構造
鉄骨造
損害保険
要
各室専用設備
室内洗濯置場／ガスコンロ設置可／エアコン／クローゼット／フローリング／バルコニー
共同設備
コインランドリー／駐輪場(原付まで)
取引様態
媒介
","交通便利
広々キッチン
生活便利
","賃料

3.5万円～3.9万円
管理費
3,000円
敷金
3.9万円
礼金
3.9万円
設備維持費
0円～2,000円




















","賃料

3.5万円～3.9万円
管理費
3,000円
敷金
3.9万円
礼金
3.9万円
設備維持費
0円～2,000円
"
"9","


ピラーズゴショニシ
ピラーズ御所西","所在地
〒602-0907　京都府京都市上京区福長町532-2
最寄り駅

京都市営烏丸線「今出川」駅 徒歩5分
京都市営烏丸線「鞍馬口」駅 徒歩17分
京阪本線「出町柳」駅 自転車7分(約1.6km)
間取り／面積

1K／23m2／10帖
契約年数
2年

更新料
1ヶ月分
完成年月
1997年03月
向き
南
階数・全部屋数

地上4階
建　0部屋

物件種別
マンション
構造
鉄筋コンクリート造
損害保険
要
各室専用設備
室内洗濯置場／セパレート（バス・トイレ）／ガスコンロ／エアコン／クローゼット／バルコニー／居室仕切ドア
共同設備
防犯カメラ
設備備考
給湯（ガス）／冷房
取引様態
媒介
","防犯カメラ
同志社大徒歩6分
室内洗濯機置場
","賃料

5万円
管理費
4,000円
敷金
1ヶ月分
礼金
1ヶ月分
設備維持費
2,000円




















","賃料

5万円
管理費
4,000円
敷金
1ヶ月分
礼金
1ヶ月分
設備維持費
2,000円
"
"10","


デ・リードゴショニシ
デ・リード御所西","所在地
〒602-0941　京都府京都市上京区南兼康町341-2
最寄り駅

京都市営烏丸線「今出川」駅 徒歩6分
京都市営烏丸線「鞍馬口」駅 徒歩16分
京都市営烏丸線「丸太町」駅 自転車8分(約1.8km)
間取り／面積

3LDK／58.6m2／10.3帖
契約年数
2年

更新料
14.5万円
完成年月
1994年10月
向き
南
階数・全部屋数

地上11階
建　63部屋

物件種別
マンション
構造
鉄骨鉄筋コンクリート造
損害保険
要
各室専用設備
室内洗濯置場／洗面（浴室別）／ガスコンロ／エアコン／シューズケース／バルコニー
共同設備
オートロック／エレベータ／防犯カメラ／駐輪場／BSアンテナ
設備備考
給湯（ガス）／専用トイレ（水洗）
取引様態
媒介
","オートロック
エレベータ
3LDKタイプ
","賃料

14万円
敷金
なし
礼金
なし
保証金
40万円




















","賃料

14万円
敷金
なし
礼金
なし
保証金
40万円
"
"11","


シンマチシャルムハルナ
新町シャルム春奈","所在地
〒602-0024　京都府京都市上京区上立売町室町西入裏風呂町
最寄り駅

京都市営烏丸線「今出川」駅 徒歩8分
京都市営烏丸線「鞍馬口」駅 徒歩11分
京阪本線「出町柳」駅 自転車9分(約2.0km)
間取り／面積

1R／20.8m2／10帖
契約年数
2年

更新料
1ヶ月分
完成年月
1989年10月
向き
北
階数・全部屋数

地上3階
建　21部屋

物件種別
マンション
構造
鉄筋コンクリート造
損害保険
要
各室専用設備
シャワー／ユニットバス／3点ユニットバス／室外洗濯機置場／専用台所／ガスコンロ／エアコン／インターフォン／クローゼット／フローリング／バルコニー
共同設備
オートロック／防犯カメラ／共用ランドリー（無料）
設備備考
コンビニ近い／給湯（ガス）／冷房／暖房／電気／都市ガス／専用トイレ（水洗）
取引様態
媒介
","コインランドリー
地下鉄「今出川」駅へ徒歩7分
防犯カメラ
","賃料

3.9万円
管理費
3,000円
敷金
なし
礼金
1ヶ月分
設備維持費
2,000円









間取り










","賃料

3.9万円
管理費
3,000円
敷金
なし
礼金
1ヶ月分
設備維持費
2,000円
"
"12","


グリーンヒルトウノダン
グリーンヒル塔ノ段","所在地
〒602-0817　京都府京都市上京区毘沙門横町371-1
最寄り駅

京都市営烏丸線「今出川」駅 徒歩13分
京阪本線「出町柳」駅 徒歩12分
叡山電鉄叡山本線「出町柳」駅 徒歩12分
間取り／面積

1K／22m2～30m2／6.5帖
契約年数
1年

更新料
なし
完成年月
1993年12月
向き
東、南
階数・全部屋数

地上4階
建　21部屋

物件種別
マンション
構造
鉄筋コンクリート造
損害保険
要
各室専用設備
室内洗濯置場／セパレート（バス・トイレ）／洗面（浴室別）／エアコン／居室照明器具
共同設備
オートロック／駐輪場／駐輪場（大型バイク可）／BSアンテナ
取引様態
媒介
","コンビニ徒歩圏内
商店街があり生活便利
鴨川で四季を感じられる
","賃料

5.2万円～6.5万円
共益費
3,800円
敷金
なし
礼金
8万円




















","賃料

5.2万円～6.5万円
共益費
3,800円
敷金
なし
礼金
8万円
"
"13","


コスモハイツイマデガワ
コスモハイツ今出川","所在地
〒602-0939　京都府京都市上京区弁財天町
最寄り駅

京都市営烏丸線「今出川」駅 徒歩6分
京都市営烏丸線「鞍馬口」駅 徒歩17分
京都市営烏丸線「丸太町」駅 自転車8分(約1.8km)
間取り／面積

1K／23m2～24m2／9帖
契約年数
1年

更新料
なし
完成年月
1994年03月
向き
東
階数・全部屋数

地上4階
建　15部屋

物件種別
マンション
構造
鉄骨造
損害保険
要
各室専用設備
室内洗濯置場／セパレート（バス・トイレ）／ガスコンロ設置可／エアコン／クローゼット／バルコニー／居室仕切ドア
共同設備
オートロック／駐輪場／インターネット対応
取引様態
媒介
","広々9.0帖
駅徒歩5分
交通便利
","賃料

5.3万円～6.5万円
共益費
2,500円～3,500円
敷金
なし
礼金
1ヶ月分～2ヶ月分




















","賃料

5.3万円～6.5万円
共益費
2,500円～3,500円
敷金
なし
礼金
1ヶ月分～2ヶ月分
"
"14","


クレアーレムシャノコウジ
クレアーレ武者小路","所在地
〒602-0936　京都府京都市上京区西無車小路町597
最寄り駅

京都市営烏丸線「今出川」駅 徒歩7分
間取り／面積

1K／24.6m2～25m2／9.5帖
契約年数
2年

更新料
1ヶ月分
完成年月
1998年10月
向き
南
階数・全部屋数

地上5階
建　25部屋

物件種別
マンション
構造
鉄筋コンクリート造
損害保険
要
各室専用設備
室内洗濯置場／セパレート（バス・トイレ）／電気コンロ／エアコン／デジタルカードキー／クローゼット／フローリング／バルコニー／居室照明器具
共同設備
オートロック／駐輪場／インターネット対応
設備備考
コンビニ近い
取引様態
媒介
","広々居室
カードキー
コンビニ徒歩圏内
","賃料

5.5万円～6万円
管理費
5,000円
敷金
5万円
礼金
10万円




















","賃料

5.5万円～6万円
管理費
5,000円
敷金
5万円
礼金
10万円
"
"15","


アルカディアトウノダン
アルカディア塔の段","所在地
〒602-0804　京都府京都市上京区上片原町390
最寄り駅

京都市営烏丸線「今出川」駅 徒歩14分
京阪本線「出町柳」駅 徒歩12分
間取り／面積

1R／15.1m2～15.2m2
契約年数
2年

更新料
1ヶ月分
完成年月
1991年05月
向き
東、西
階数・全部屋数

地上3階
建　14部屋

物件種別
マンション
構造
鉄筋コンクリート造
損害保険
要
各室専用設備
ユニットバス   ／電気コンロ／エアコン／クローゼット／フローリング／バルコニー
共同設備
駐輪場
取引様態
媒介
","家賃リーズナブル
光ネット
買物便利
","賃料

3.5万円～3.6万円
管理費
4,000円
敷金
なし
礼金
なし









間取り










","賃料

3.5万円～3.6万円
管理費
4,000円
敷金
なし
礼金
なし
"
"16","


シンマチカン
新町館","所在地
〒602-0026　京都府京都市上京区古木町413番地
最寄り駅

京都市営烏丸線「今出川」駅 徒歩9分
京都市営烏丸線「鞍馬口」駅 徒歩11分
間取り／面積

1K／29.2m2／10.2帖
契約年数
1年

更新料
なし
完成年月
2011年03月
向き
西、南
階数・全部屋数

地上4階
建　26部屋

物件種別
マンション
構造
鉄筋コンクリート造
損害保険
要
各室専用設備
室内洗濯置場／独立洗面化粧台／温水洗浄便座／システムキッチン／電化キッチン２口（RH）／エアコン／インターフォン（TVモニター付)／デジタルカードキー／クローゼット／シューズケース／フローリング／角部屋
共同設備
オートロック／宅配ボックス／防犯カメラ／駐輪場／インターネット対応
設備備考
給湯（電気）／セキュリティ
取引様態
媒介
","カメラ付フロントオートロック・防犯カメラ完備！
全室１０帖以上でお部屋広々♪
2017.6月温水洗浄便座新調！！
","賃料

5.9万円～6.55万円
共益費
7,000円
敷金
7万円
礼金
なし
衛生費
1,200円




















","賃料

5.9万円～6.55万円
共益費
7,000円
敷金
7万円
礼金
なし
衛生費
1,200円
"
"17","


コーポルマン
コーポルマン","所在地
〒602-0051　京都府京都市上京区御三軒町53
最寄り駅

京都市営烏丸線「今出川」駅 徒歩9分
京都市営烏丸線「鞍馬口」駅 徒歩14分
京都市営烏丸線「北大路」駅 自転車8分(約1.8km)
間取り／面積

1K／16.6m2／8帖
契約年数
2年

更新料
3万円
完成年月
1989年03月
向き
東
階数・全部屋数

地上4階
建　0部屋

物件種別
マンション
構造
鉄骨造
損害保険
要
取引様態
媒介
","交通便利
買物便利
生活便利
","賃料

3.7万円
管理費
5,000円
敷金
5万円
礼金
なし
設備維持費
2,000円




















","賃料

3.7万円
管理費
5,000円
敷金
5万円
礼金
なし
設備維持費
2,000円
"
"18","


グランコスモゴショヒガシ
グランコスモ御所東","所在地
〒602-0832　京都府京都市上京区大原口町216-20
最寄り駅

京阪本線「出町柳」駅 徒歩7分
京都市営烏丸線「今出川」駅 徒歩10分
叡山電鉄叡山本線「出町柳」駅 徒歩9分
間取り／面積

1K／25m2
契約年数
2年

更新料
なし
完成年月
2002年01月
向き
南
階数・全部屋数

地上5階
建　0部屋

物件種別
マンション
構造
鉄筋コンクリート造
損害保険
要
各室専用設備
室内洗濯置場／浴室乾燥機／ガスキッチン２口／エアコン／インターフォン／クローゼット／フローリング
共同設備
オートロック／駐輪場／BSアンテナ／光ケーブル
設備備考
コンビニ近い
取引様態
媒介
","駅近
オートロック
セパレート
","賃料

6.3万円
管理費
3,500円
敷金
なし
礼金
2ヶ月分




















","賃料

6.3万円
管理費
3,500円
敷金
なし
礼金
2ヶ月分
"
"19","


エガールパレス
エガールパレス","所在地
〒602-0053　京都府京都市上京区中小川町
最寄り駅

京都市営烏丸線「今出川」駅 徒歩7分
間取り／面積

1R／22m2
契約年数
2年

更新料
なし
完成年月
1999年03月
向き
東
階数・全部屋数

地上4階
建　17部屋

物件種別
マンション
構造
鉄筋コンクリート造
損害保険
要
各室専用設備
室内洗濯置場／セパレート（バス・トイレ）／電化キッチン（IH）／エアコン／クローゼット／シューズケース／フローリング／バルコニー
共同設備
オートロック／駐輪場(原付まで)／BSアンテナ
取引様態
媒介
","同志社大生オススメ
スーパー徒歩3分
オール電化
","賃料

5万円～5.6万円
管理費
4,000円
敷金
5万円
礼金
10万円




















","賃料

5万円～5.6万円
管理費
4,000円
敷金
5万円
礼金
10万円
"
"20","


シルクピアゴショウ
シルクピア五匠","所在地
〒602-0052　京都府京都市上京区上小川町
最寄り駅

京都市営バス「堀川今出川」停徒歩5分
京都市営烏丸線「今出川」駅 徒歩8分
間取り／面積

1K／27.4m2／8.7帖
契約年数
1年

更新料
なし
完成年月
2011年01月
向き
西、東
階数・全部屋数

地上4階
建　47部屋

物件種別
マンション
構造
鉄筋コンクリート造
損害保険
要
各室専用設備
室内洗濯置場／セパレート（バス・トイレ）／洗面（浴室別）／温水洗浄便座／電化キッチン２口（IH）／エアコン／クローゼット／シューズケース／フローリング／バルコニー／居室仕切ドア
共同設備
オートロック／エレベータ／防犯カメラ／駐輪場／BSアンテナ／CSアンテナ／インターネット対応
設備備考
電気／水道（公営）／排水（公共下水）
取引様態
媒介
","防犯カメラ
独立洗面台あり
洗濯機室内設置可
","賃料

6万円～6.8万円
管理費
6,000円
敷金
7万円
礼金
6万円




















","賃料

6万円～6.8万円
管理費
6,000円
敷金
7万円
礼金
6万円
"
"21","


ヒイラギマンション
柊マンション","所在地
〒602-0004　京都府京都市上京区道正町459
最寄り駅

京都市営烏丸線「今出川」駅 徒歩7分
京都市営烏丸線「鞍馬口」駅 徒歩7分
間取り／面積

1K／20.2m2／6.5帖
契約年数
1年

更新料
3万円
完成年月
1979年03月
向き
東
階数・全部屋数

地上3階
建　20部屋

物件種別
マンション
構造
鉄筋コンクリート造
損害保険
要
各室専用設備
ユニットバス   ／室外洗濯機置場／ガスコンロ設置可／エアコン／クローゼット／シューズケース／フローリング
共同設備
防犯カメラ／コインランドリー／駐輪場(原付まで)／CATV／インターネット対応
設備備考
専用庭／都市ガス／水道（公営）
取引様態
媒介
","コインランドリーも屋上に完備！
１階には専門庭あり（洗濯機設置可能）
閑静な住宅街で落ち着いた生活送れます！
","賃料

3.2万円～3.3万円
共益費
6,300円
敷金
8万円
入館金
3万円




















","賃料

3.2万円～3.3万円
共益費
6,300円
敷金
8万円
入館金
3万円
"
"22","


ゴショキタエクセルミヤケ
御所北エクセル三宅","所在地
〒602-0891　京都府京都市上京区上御霊馬場町366-1
最寄り駅

京都市営烏丸線「鞍馬口」駅 徒歩5分
間取り／面積

1DK／36.3m2／14帖
契約年数
2年

更新料
1ヶ月分
完成年月
2005年03月
向き
南
階数・全部屋数

地上5階
建　38部屋

物件種別
マンション
構造
鉄筋コンクリート造
損害保険
要
各室専用設備
室内洗濯置場／セパレート（バス・トイレ）／フローリング
共同設備
オートロック
取引様態
媒介
","コンビニ徒歩5分
コンビニ徒歩5分
独立洗面化粧台
","賃料

6.2万円～6.9万円
管理費
6,000円
敷金
1ヶ月分
礼金
15万円




















","賃料

6.2万円～6.9万円
管理費
6,000円
敷金
1ヶ月分
礼金
15万円
"
"23","


グランコスモゴショ
グランコスモ御所","所在地
〒602-0825　京都府京都市上京区表町
最寄り駅

京阪本線「出町柳」駅 徒歩4分
間取り／面積

1R～1K／29.4m2～31.4m2／10帖
契約年数
2年

更新料
10万円
完成年月
2010年01月
向き
東
階数・全部屋数

地上4階
建　21部屋

物件種別
マンション
構造
鉄筋コンクリート造
損害保険
要
各室専用設備
室内洗濯置場／セパレート（バス・トイレ）／浴室乾燥機／床暖房
共同設備
オートロック／宅配ボックス／駐輪場
取引様態
媒介
","駅徒歩4分
ネット無料
床暖房
","賃料

7.9万円～8万円
管理費
2,500円
敷金
なし
礼金
8万円～13万円









間取り










","賃料

7.9万円～8万円
管理費
2,500円
敷金
なし
礼金
8万円～13万円
"
"24","


デトムワンカモガワ
デトム・ワン鴨川","所在地
〒602-0802　京都府京都市上京区鶴山町
最寄り駅

京都市営烏丸線「鞍馬口」駅 徒歩8分
間取り／面積

1K／17.5m2
契約年数
2年

更新料
なし
完成年月
1986年01月
向き
北東
階数・全部屋数

地上4階
建　48部屋

物件種別
マンション
構造
鉄筋コンクリート造
損害保険
要
各室専用設備
室内洗濯置場／ユニットバス   ／電化キッチン（IH）／エアコン／シューズケース／フローリング／バルコニー
共同設備
オートロック／駐輪場／BSアンテナ
取引様態
媒介
","京阪・地下鉄徒歩圏内で交通便利
銀行・郵便局も徒歩圏内
生活便利
","賃料

3.3万円～4.2万円
管理費
0円～6,000円
敷金
2万円
礼金
5万円～8万円




















","賃料

3.3万円～4.2万円
管理費
0円～6,000円
敷金
2万円
礼金
5万円～8万円
"
"25","


メゾンカミゴリョー
メゾンカミゴリョー","所在地
〒602-0895　京都府京都市上京区上御霊前町401番地
最寄り駅

京都市営烏丸線「鞍馬口」駅 徒歩4分
間取り／面積

1R／18.2m2
契約年数
2年

更新料
なし
完成年月
1983年08月
向き
西
階数・全部屋数

地上5階
建　0部屋

物件種別
マンション
構造
鉄筋コンクリート造
損害保険
要
各室専用設備
ユニットバス   ／IHコンロ／エアコン／クローゼット／フローリング／バルコニー
共同設備
エレベータ／駐輪場(原付まで)／光ケーブル
設備備考
都市ガス
取引様態
媒介
","敷金なし
ネット対応
IHキッチン
","賃料

3.7万円
敷金
なし
礼金
なし









間取り図










","賃料

3.7万円
敷金
なし
礼金
なし
"
"26","


シリウスホシノコ
シリウス星の子","所在地
〒602-0054　京都府京都市上京区飛鳥井町２６３
最寄り駅

京都市営烏丸線「今出川」駅 徒歩8分
京都市営烏丸線「鞍馬口」駅 徒歩19分
京阪本線「出町柳」駅 自転車8分(約1.8km)
間取り／面積

1R／18m2／7帖
契約年数
2年

更新料
2ヶ月分
完成年月
1995年01月
向き
北
階数・全部屋数

地上11階
建　68部屋

物件種別
マンション
構造
鉄筋コンクリート造
損害保険
要
各室専用設備
ユニットバス   ／エアコン／フローリング
共同設備
オートロック／エレベータ／防犯カメラ／駐輪場／電話／インターネット対応
設備備考
コンビニ近い
取引様態
媒介
","コンビニ徒歩圏内
同志社大徒歩圏内
洗濯機置場あり
","賃料

3.5万円
管理費
5,000円
敷金
なし
礼金
3万円









間取り










","賃料

3.5万円
管理費
5,000円
敷金
なし
礼金
3万円
"
"27","


グランコスモイマデガワ
グランコスモ今出川","所在地
〒602-0824　京都府京都市上京区一真町
最寄り駅

京阪本線「出町柳」駅 徒歩4分
間取り／面積

1R／20m2～27.9m2
契約年数
2年

更新料
なし
完成年月
2009年03月
向き
東
階数・全部屋数

地上4階
建　14部屋

物件種別
マンション
構造
鉄筋コンクリート造
損害保険
要
各室専用設備
室内洗濯置場／独立洗面化粧台／セパレート（バス・トイレ）／洗面（浴室別）／浴室乾燥機／ガスキッチン２口／床暖房／シューズケース／居室仕切ドア
共同設備
オートロック／宅配ボックス／駐輪場／BSアンテナ／CSアンテナ／インターネット対応（無料）
取引様態
媒介
","交通便利
買物便利
生活便利
","賃料

7万円～7.5万円
管理費
3,500円
敷金
なし
礼金
2ヶ月分









間取り










","賃料

7万円～7.5万円
管理費
3,500円
敷金
なし
礼金
2ヶ月分
"
"28","


ピアニシノトウイン
PIER西洞院","所在地
〒602-0922　京都府京都市上京区讃州寺町
最寄り駅

京都市営烏丸線「今出川」駅 徒歩10分
京都市営烏丸線「丸太町」駅 徒歩19分
京都市営烏丸線「鞍馬口」駅 自転車7分(約1.7km)
間取り／面積

1K／20m2
契約年数
2年

更新料
1.1万円
完成年月
1988年02月
向き
東
階数・全部屋数

地上3階
建　23部屋

物件種別
マンション
構造
鉄筋コンクリート造
損害保険
要
各室専用設備
ユニットバス   ／電気コンロ／ガスコンロ／エアコン／クローゼット／シューズケース／バルコニー
共同設備
駐輪場(原付まで)／インターネット対応
設備備考
家具付き（一部）
取引様態
媒介
","礼金・敷金なし
「今出川」駅徒歩4分
家賃リーズナブル
","賃料

3.5万円～3.8万円
管理費
4,000円
敷金
なし
礼金
なし









間取り










","賃料

3.5万円～3.8万円
管理費
4,000円
敷金
なし
礼金
なし
"
"29","


アビタシオンカモガワ
アビタシオン鴨川","所在地
〒602-0802　京都府京都市上京区鶴山町1
最寄り駅

京都市営烏丸線「鞍馬口」駅 徒歩12分
叡山電鉄叡山本線「出町柳」駅 徒歩15分
京都市営烏丸線「今出川」駅 徒歩16分
間取り／面積

1R／33.2m2／14.3帖
契約年数
2年

更新料
1ヶ月分
完成年月
1991年03月
向き
東
階数・全部屋数

地上4階
/地下1階
建　61部屋

物件種別
マンション
構造
鉄筋コンクリート造
損害保険
要
各室専用設備
室内洗濯置場／セパレート（バス・トイレ）／洗面（浴室別）／温水洗浄便座／ガスコンロ／カウンターキッチン／エアコン／インターフォン／クローゼット／シューズケース／棚／フローリング／バルコニー
共同設備
オートロック／エレベータ／駐輪場(原付まで)／BSアンテナ
取引様態
媒介
","居室広々2路線利用可
広々居室
独立洗面化粧台
","賃料

4万円～5.5万円
管理費
5,000円
敷金
5万円
礼金
10万円～15万円




















","賃料

4万円～5.5万円
管理費
5,000円
敷金
5万円
礼金
10万円～15万円
"
"30","


ハウスセゾンイマデガワカワラマチ
ハウスセゾン今出川河原町","所在地
〒602-0824　京都府京都市上京区一真町93
最寄り駅

京阪本線「出町柳」駅 徒歩6分
叡山電鉄叡山本線「出町柳」駅 徒歩8分
京都市営烏丸線「今出川」駅 徒歩12分
間取り／面積

1K／26.3m2
契約年数
2年

更新料
1ヶ月分
完成年月
2003年03月
向き
北
階数・全部屋数

地上11階
建　27部屋

物件種別
マンション
構造
鉄筋コンクリート造
損害保険
要
各室専用設備
室内洗濯置場／独立洗面化粧台／洗面（浴室別）／電化キッチン（IH）／エアコン／オートロック（指紋認証キー）／クローゼット／フローリング／バルコニー／角部屋
共同設備
オートロック／エレベータ／駐輪場／駐輪場(原付まで)／光ケーブル／インターネット対応
設備備考
コンビニ近い
取引様態
媒介
","セパレート
オートロック
オール電化
","賃料

6万円
共益費
7,000円
敷金
8万円
礼金
7万円




















","賃料

6万円
共益費
7,000円
敷金
8万円
礼金
7万円
"
"31","


プラネシアホシノコキョウトゴショ
プラネシア星の子京都御所","所在地
〒602-0956　京都府京都市上京区西町457
最寄り駅

京都市営烏丸線「今出川」駅 徒歩11分
京都市営烏丸線「鞍馬口」駅 自転車7分(約1.7km)
京都市営烏丸線「丸太町」駅 自転車9分(約2.1km)
間取り／面積

1K／27.2m2／9.1帖
契約年数
2年

更新料
1ヶ月分
完成年月
2005年11月
向き
南
階数・全部屋数

地上7階
建　42部屋

物件種別
マンション
構造
鉄筋コンクリート造
損害保険
要
各室専用設備
シャワー／室内洗濯置場／セパレート（バス・トイレ）／エアコン／ディンプルキー／フローリング／バルコニー
共同設備
オートロック／エレベータ／宅配ボックス／インターネット対応
設備備考
コンビニ近い／給湯（ガス）／冷房／暖房／都市ガス／専用トイレ（水洗）／セキュリティ
取引様態
媒介
","セキュリティ充実
駅徒歩圏内
更新料なしプランあり
","賃料

5.2万円
管理費
6,000円
敷金
なし
礼金
12万円




















","賃料

5.2万円
管理費
6,000円
敷金
なし
礼金
12万円
"
"32","


モトツチミカド
元土御門","所在地
〒602-8006　京都府京都市上京区元土御門町522
最寄り駅

京都市営烏丸線「今出川」駅 徒歩12分
京都市営烏丸線「丸太町」駅 徒歩14分
京都市営烏丸線「鞍馬口」駅 自転車8分(約1.9km)
間取り／面積

1K／22.9m2／8.4帖
契約年数
2年

更新料
1ヶ月分
完成年月
1997年11月
向き
北
階数・全部屋数

地上5階
建　35部屋

物件種別
マンション
構造
鉄筋コンクリート造
損害保険
要
各室専用設備
室内洗濯置場／セパレート（バス・トイレ）／冷蔵庫／電化キッチン（IH）／エアコン／インターフォン／クローゼット／シューズケース／フローリング／バルコニー／居室照明器具
共同設備
オートロック／エレベータ／防犯カメラ／駐輪場／駐車場 ／光ケーブル／インターネット対応（無料）
設備備考
コンビニ近い／都市ガス
取引様態
媒介
","ネット無料
セキュリティ充実
居室8帖以上
","賃料

5.7万円
共益費
7,000円
敷金
5万円
礼金
5万円









間取図










","賃料

5.7万円
共益費
7,000円
敷金
5万円
礼金
5万円
"
"33","


コスモハイツシンマチツー
コスモハイツ新町Ⅱ","所在地
〒602-0003　京都府京都市上京区大心院町7
最寄り駅

京都市営烏丸線「鞍馬口」駅 徒歩9分
京都市営烏丸線「今出川」駅 徒歩12分
間取り／面積

1K／22m2～23m2／8.5帖
契約年数
1年

更新料
4.6万円
完成年月
1991年10月
向き
東、西
階数・全部屋数

地上3階
建　15部屋

物件種別
マンション
構造
鉄骨造
損害保険
要
各室専用設備
室内洗濯置場／セパレート（バス・トイレ）／ガスコンロ設置可／エアコン／クローゼット／フローリング／バルコニー
共同設備
駐輪場
取引様態
媒介
","買物便利
生活便利
広々キッチン
","賃料

4.4万円～4.8万円
共益費
2,500円
敷金
なし
礼金
1ヶ月分～2ヶ月分




















","賃料

4.4万円～4.8万円
共益費
2,500円
敷金
なし
礼金
1ヶ月分～2ヶ月分
"
"34","


プログレスフナハシ
プログレスふなはし","所在地
〒602-0056　京都府京都市上京区北舟橋町854
最寄り駅

京都市営烏丸線「今出川」駅 徒歩11分
京都市営烏丸線「鞍馬口」駅 徒歩19分
京都市営烏丸線「北大路」駅 自転車9分(約2.0km)
間取り／面積

1K／32.9m2
契約年数
2年

更新料
1ヶ月分
完成年月
2002年04月
向き
東
階数・全部屋数

地上6階
建　50部屋

物件種別
マンション
構造
鉄筋コンクリート造
損害保険
要
各室専用設備
室内洗濯置場／セパレート（バス・トイレ）／洗面（浴室別）／浴室乾燥機／ガスキッチン２口／エアコン／インターフォン／クローゼット／フローリング
共同設備
オートロック／エレベータ／防犯カメラ／駐輪場(原付まで)／BSアンテナ／テレビ／インターネット対応（無料）
設備備考
コンビニ近い／給湯（ガス）／都市ガス／水道（公営）
取引様態
媒介
","ネット無料
広々居室
浴室乾燥機
","賃料

6万円～6.3万円
共益費
7,000円
敷金
1ヶ月分
礼金
1.5ヶ月分




















","賃料

6万円～6.3万円
共益費
7,000円
敷金
1ヶ月分
礼金
1.5ヶ月分
"
"35","


コスモハイツカミゴリョウ
コスモハイツ上御霊","所在地
〒602-0003　京都府京都市上京区大心院町
最寄り駅

京都市営烏丸線「鞍馬口」駅 徒歩8分
京阪本線「出町柳」駅 自転車10分(約2.2km)
叡山電鉄叡山本線「出町柳」駅 自転車10分(約2.2km)
間取り／面積

1K／16m2／6帖
契約年数
1年

更新料
なし
完成年月
1991年03月
向き
東
階数・全部屋数

地上2階
建　12部屋

物件種別
アパート
構造
木造
損害保険
要
各室専用設備
シャワー／3点ユニットバス／ガスコンロ設置可／エアコン／クローゼット／フローリング／バルコニー／居室仕切ドア／角部屋
共同設備
バイク置場／アンテナ（VHF）／アンテナ（UHF）／電話設置可／光ケーブル
設備備考
冷房／暖房／電気／都市ガス／水道（公営）／排水（公共下水）／専用トイレ（水洗）／洗面（浴室と一緒）
取引様態
媒介
","同志社大（今出川）徒歩10分
閑静な住宅地
地下鉄徒歩圏内
","賃料

2.6万円
管理費
2,500円
敷金
なし
礼金
1ヶ月分









間取り










","賃料

2.6万円
管理費
2,500円
敷金
なし
礼金
1ヶ月分
"
"36","


グランコスモカモガワ
グランコスモ鴨川","所在地
〒602-0822　京都府京都市上京区青龍町218
最寄り駅

京阪本線「出町柳」駅 徒歩7分
叡山電鉄叡山本線「出町柳」駅 徒歩6分
京都市営烏丸線「今出川」駅 徒歩15分
間取り／面積

1K／25m2／10帖
契約年数
1年

更新料
1ヶ月分
完成年月
1999年03月
向き
東、西
階数・全部屋数

地上10階
建　65部屋

物件種別
マンション
構造
鉄筋コンクリート造
損害保険
要
各室専用設備
室内洗濯置場／セパレート（バス・トイレ）／洗面（浴室別）／ガスキッチン２口／エアコン／シューズケース／バルコニー
共同設備
オートロック／エレベータ／宅配ボックス／駐輪場（大型バイク可）
取引様態
媒介
","同志社・同女大近
コンビニ徒歩圏内
スーパー徒歩圏内
","賃料

6.1万円～10.1万円
共益費
2,500円～3,500円
敷金
なし
礼金
1ヶ月分









間取り図










","賃料

6.1万円～10.1万円
共益費
2,500円～3,500円
敷金
なし
礼金
1ヶ月分
"
"37","


キョウタクハイツ
京卓ハイツ","所在地
〒602-0842　京都府京都市上京区栄町
最寄り駅

京阪本線「出町柳」駅 徒歩8分
京都市営烏丸線「今出川」駅 徒歩14分
間取り／面積

1K／18.2m2～21m2／7帖
契約年数
2年

更新料
1ヶ月分
完成年月
1995年04月
向き
南、北
階数・全部屋数

地上5階
建　31部屋

物件種別
マンション
構造
鉄筋コンクリート造
損害保険
要
各室専用設備
室内洗濯置場／セパレート（バス・トイレ）／電気コンロ／エアコン／インターフォン／クローゼット／シューズケース／フローリング／バルコニー／居室仕切ドア
共同設備
オートロック／エレベータ／駐輪場
設備備考
給湯（ガス）／都市ガス
取引様態
媒介
","バス停徒歩1分
セパレート
生活便利
","賃料

5.2万円～5.8万円
管理費
5,000円
敷金
7万円
礼金
5万円～12万円




















","賃料

5.2万円～5.8万円
管理費
5,000円
敷金
7万円
礼金
5万円～12万円
"
"38","


ハウスセゾンビル
ハウスセゾンビル","所在地
〒602-8202　京都府京都市上京区栄町364
最寄り駅

京阪本線「出町柳」駅 徒歩6分
間取り／面積

1K／23m2～23.7m2／8.1帖～9.2帖
契約年数
2年

更新料
1ヶ月分
完成年月
1988年12月
向き
東、西
階数・全部屋数

地上8階
/地下33階
建　0部屋

物件種別
マンション
構造
鉄筋コンクリート造
損害保険
要
各室専用設備
室内洗濯置場／ユニットバス   ／ガスコンロ設置可／フローリング
共同設備
駐輪場／インターネット対応
設備備考
コンビニ近い
取引様態
媒介
","2F管理会社
バス停徒歩1分
光ネット
","賃料

4.3万円～5.2万円
管理費
5,000円～6,000円
敷金
7万円
礼金
3万円～10万円




















","賃料

4.3万円～5.2万円
管理費
5,000円～6,000円
敷金
7万円
礼金
3万円～10万円
"
"39","


ドーミーカモガワコウエン
ドーミー鴨川公園","所在地
〒603-8135　京都府京都市北区出雲路俵町
最寄り駅

京都市営烏丸線「鞍馬口」駅 徒歩12分
京阪本線「出町柳」駅 徒歩15分
間取り／面積

1K／15.9m2／9.8帖
契約年数
1年

更新料
なし
完成年月
2011年04月
向き
東
階数・全部屋数

地上3階
建　0部屋

物件種別
マンション
構造
鉄筋コンクリート造
損害保険
要
各室専用設備
シャワー／洗面（浴室別）／温水洗浄便座／冷蔵庫（２ドア）／エアコン／クローゼット
共同設備
オートロック／駐輪場
取引様態
媒介
","静かな環境
女子専用
京阪線、地下鉄の2WAYアクセス
","賃料

6.25万円～7.75万円
食費：朝350円　夕650円
敷金
なし
年間管理費
26.4万円
保証金
5万円
備考

■入館金　1年契約：19万円




















","賃料

6.25万円～7.75万円
食費：朝350円　夕650円
敷金
なし
年間管理費
26.4万円
保証金
5万円
備考

■入館金　1年契約：19万円
"
"40","


エクレールアオイ
エクレール葵","所在地
〒602-0822　京都府京都市上京区青龍町209
最寄り駅

京都市営バス「葵橋西詰」停徒歩1分
京阪本線「出町柳」駅 徒歩5分
京都市営烏丸線「今出川」駅 徒歩15分
間取り／面積

1K／24.5m2／7帖
契約年数
2年

更新料
1ヶ月分
完成年月
1995年01月
向き
東
階数・全部屋数

地上5階
建　0部屋

物件種別
マンション
構造
鉄骨造
損害保険
要
各室専用設備
シャワー／室内洗濯置場／3点ユニットバス／システムキッチン／電化キッチン（IH）／エアコン／インターフォン／クローゼット／シューズケース／フローリング／バルコニー／居室仕切ドア
共同設備
オートロック／エレベータ／駐輪場／光ケーブル
設備備考
給湯（ガス）／冷房／暖房／電気／都市ガス／水道（公営）
取引様態
代理
","オートロック
京阪徒歩圏内で移動も楽々
郵便局・銀行徒歩圏内
","賃料

4.8万円
管理費
6,000円
敷金
5万円
礼金
5万円









間取り図










","賃料

4.8万円
管理費
6,000円
敷金
5万円
礼金
5万円
"
"41","


イセハン２１
ISEHAN21","所在地
〒602-0822　京都府京都市上京区青龍町242
最寄り駅

京都市営バス「河原町今出川」駅
京阪本線「出町柳」駅 徒歩5分
京都市営烏丸線「今出川」駅 徒歩14分
間取り／面積

1K／20.4m2
契約年数
2年

更新料
1ヶ月分
完成年月
1997年03月
向き
西
階数・全部屋数

地上6階
建　0部屋

物件種別
マンション
構造
鉄筋コンクリート造
損害保険
要
各室専用設備
シャワー／室内洗濯置場／セパレート（バス・トイレ）／ガスコンロ設置可／エアコン／クローゼット／フローリング／バルコニー／角部屋
共同設備
オートロック／エレベータ／駐輪場／BSアンテナ／光ケーブル／インターネット対応（無料）
設備備考
コンビニ近い
取引様態
媒介
","リーズナブルなセパレート
インターネット無料！
コンビニはモチロン大型スーパーもスグ近くです。
","賃料

5万円～6.2万円
共益費
6,000円
敷金
7万円
礼金
10万円









間取り図










","賃料

5万円～6.2万円
共益費
6,000円
敷金
7万円
礼金
10万円
"
"42","


ペルベーネタカラ
ペルベーネタカラ","所在地
〒602-8422　京都府京都市上京区山名町800番1
最寄り駅

京都市営烏丸線「今出川」駅 徒歩13分
京都市営烏丸線「鞍馬口」駅 徒歩19分
京都市営烏丸線「北大路」駅 自転車8分(約1.9km)
間取り／面積

1R／19.5m2
契約年数
2年

更新料
なし
完成年月
1990年03月
向き
南
階数・全部屋数

地上5階
建　22部屋

物件種別
マンション
構造
鉄筋コンクリート造
損害保険
要
各室専用設備
ユニットバス   ／室外洗濯機置場／ガスコンロ／エアコン／インターフォン／クローゼット／シューズケース／フローリング／バルコニー
共同設備
オートロック／エレベータ／防犯カメラ／駐輪場／バイク置場／駐輪場（大型バイク可）／BSアンテナ／CSアンテナ／テレビ／電話設置可／インターネット対応（無料）
設備備考
コンビニ近い
取引様態
媒介
","ネット無料
南向き
大型バイク可
","賃料

4.4万円
管理費
5,000円
敷金
なし
礼金
なし




















","賃料

4.4万円
管理費
5,000円
敷金
なし
礼金
なし
"
"43","


コーポクゼ
コーポ久世","所在地
〒603-8138　京都府京都市北区天寧寺門前町
最寄り駅

京都市営烏丸線「鞍馬口」駅 徒歩7分
京都市営烏丸線「北大路」駅 徒歩12分
京都市営烏丸線「今出川」駅 徒歩15分
間取り／面積

1LDK／31.5m2／16.5帖
契約年数
2年

更新料
1ヶ月分
完成年月
1986年02月
向き
西
階数・全部屋数

地上3階
建　7部屋

物件種別
マンション
構造
鉄骨造
損害保険
要
各室専用設備
セパレート（バス・トイレ）／温水洗浄便座／室外洗濯機置場／ガスコンロ設置可／エアコン／クローゼット／フローリング
共同設備
駐輪場(原付まで)
設備備考
給湯（ガス）／電気／都市ガス／水道（公営）／排水（公共下水）／専用トイレ（水洗）／洗面（浴室と一緒）
取引様態
媒介
","駅近
温水洗浄便座
バイク駐輪可
","賃料

6万円
管理費
3,000円
敷金
5万円
礼金
5万円









間取図










","賃料

6万円
管理費
3,000円
敷金
5万円
礼金
5万円
"
"44","


プランドールシンワ
プランドールSHINWA","所在地
〒602-8075　京都府京都市上京区下小川町185
最寄り駅

京都市営烏丸線「今出川」駅 徒歩13分
京都市営烏丸線「丸太町」駅 徒歩19分
京都地下鉄東西線「二条城前」駅 自転車8分(約1.8km)
間取り／面積

1K／23.4m2／6.7帖
契約年数
2年

更新料
5万円
完成年月
2013年03月
向き
西
階数・全部屋数

地上4階
建　42部屋

物件種別
マンション
構造
鉄筋コンクリート造
損害保険
要
各室専用設備
室内洗濯置場／セパレート（バス・トイレ）／洗面（浴室別）／浴室乾燥機／電化キッチン２口（IH+RH）／エアコン／インターフォン（TVモニター付)／フローリング／居室仕切ドア
共同設備
オートロック／防犯カメラ／駐輪場／BSアンテナ／インターネット対応（無料）
設備備考
オール電化／給湯（電気）
取引様態
媒介
","オール電化
独立洗面化粧台
浴室乾燥機
","賃料

6.7万円
管理費
6,000円
敷金
5万円
礼金
10万円




















","賃料

6.7万円
管理費
6,000円
敷金
5万円
礼金
10万円
"
"45","


コスモハイツカワラマチ
コスモハイツ河原町","所在地
〒602-0841　京都府京都市上京区梶井町
最寄り駅

京阪本線「出町柳」駅 徒歩6分
京都市営烏丸線「今出川」駅 徒歩16分
京阪本線「神宮丸太町」駅 徒歩18分
間取り／面積

1K／22m2
契約年数
1年

更新料
5.8万円
完成年月
1996年08月
向き
西
階数・全部屋数

地上5階
建　17部屋

物件種別
マンション
構造
鉄骨造
損害保険
要
各室専用設備
室内洗濯置場／セパレート（バス・トイレ）／エアコン／クローゼット／フローリング／バルコニー／居室仕切ドア
共同設備
オートロック／駐輪場／BSアンテナ
取引様態
媒介
","スーパー徒歩圏内
バス停徒歩圏内
1F管理会社
","賃料

5.1万円～5.8万円
共益費
2,500円
敷金
なし
礼金
1ヶ月分




















","賃料

5.1万円～5.8万円
共益費
2,500円
敷金
なし
礼金
1ヶ月分
"
"46","


グレースヒサ
グレースヒサ","所在地
〒603-8152　京都府京都市北区小山町225-5
最寄り駅

京都市営烏丸線「鞍馬口」駅 徒歩4分
京都市営烏丸線「今出川」駅 徒歩12分
京都市営烏丸線「北大路」駅 徒歩11分
間取り／面積

1K／19m2
契約年数
2年

更新料
1ヶ月分
完成年月
1988年08月
向き
西
階数・全部屋数

地上3階
建　0部屋

物件種別
マンション
構造
軽量気泡コンクリート造
損害保険
要
取引様態
媒介
","家賃リーズナブル
居室広々8帖
スーパーも徒歩圏内・お買物も便利
","賃料

3.8万円
管理費
3,000円
敷金
なし
礼金
5万円
設備維持費
2,000円




















","賃料

3.8万円
管理費
3,000円
敷金
なし
礼金
5万円
設備維持費
2,000円
"
"47","


ハウスセゾンクラマグチ
ハウスセゾン鞍馬口","所在地
〒603-8153　京都府京都市北区長乗東町199
最寄り駅

京都市営烏丸線「鞍馬口」駅 徒歩5分
京都市営烏丸線「北大路」駅 徒歩13分
間取り／面積

1K／20.6m2～23.8m2／7.5帖～9帖
契約年数
2年

更新料
1ヶ月分
完成年月
1995年03月
向き
東
階数・全部屋数

地上6階
建　42部屋

物件種別
マンション
構造
鉄筋コンクリート造
損害保険
要
各室専用設備
室内洗濯置場／セパレート（バス・トイレ）／ガスコンロ設置可／エアコン／シューズケース／バルコニー
共同設備
オートロック／エレベータ／駐輪場／バイク置場／BSアンテナ／CATV
設備備考
給湯（ガス）／電気／水道（公営）／専用トイレ（水洗）／洗面（浴室と一緒）
取引様態
媒介
","生活便利な立地
スーパー徒歩2分
コンビニ徒歩4分
","賃料

5万円
管理費
5,000円
敷金
5万円
礼金
5万円




















","賃料

5万円
管理費
5,000円
敷金
5万円
礼金
5万円
"
"48","


アクアレリストイマデガワ
アクアレリスト今出川","所在地
〒602-8434　京都府京都市上京区西船橋町
最寄り駅

京都市営烏丸線「今出川」駅 徒歩11分
京都市営烏丸線「鞍馬口」駅 自転車8分(約1.8km)
京都市営烏丸線「丸太町」駅 自転車10分(約2.2km)
間取り／面積

1R～1LDK／34.3m2～45.4m2／10.3帖～18帖
契約年数
2年

更新料
なし
完成年月
2009年02月
向き
南、北
階数・全部屋数

地上11階
建　47部屋

物件種別
マンション
構造
鉄骨鉄筋コンクリート造
損害保険
要
各室専用設備
室内洗濯置場／セパレート（バス・トイレ）／洗面（浴室別）／電化キッチン２口（IH）／エアコン／インターフォン／クローゼット／シューズケース／バルコニー
共同設備
オートロック／エレベータ／宅配ボックス／駐輪場（大型バイク可）／BSアンテナ／CSアンテナ／インターネット対応
設備備考
オール電化
取引様態
媒介
","2人入居可
広々居室
新耐震基準マンション
","賃料

7.5万円～12.3万円
管理費
8,000円
敷金
5万円～10万円
礼金
5万円～20万円




















","賃料

7.5万円～12.3万円
管理費
8,000円
敷金
5万円～10万円
礼金
5万円～20万円
"
"49","


グランド　バリューニシジン
GRAND　VALUE西陣","所在地
〒602-8413　京都府京都市上京区大北小路東町
最寄り駅

京都市営烏丸線「今出川」駅 徒歩13分
京都市営烏丸線「鞍馬口」駅 徒歩18分
京阪本線「出町柳」駅 自転車10分(約2.4km)
間取り／面積

1R／18.2m2／6帖
契約年数
2年

更新料
なし
完成年月
1984年02月
向き
南
階数・全部屋数

地上5階
建　0部屋

物件種別
マンション
構造
鉄骨造
損害保険
要
各室専用設備
IHコンロ／エアコン／クローゼット
共同設備
オートロック／コインランドリー／駐輪場
取引様態
媒介
","","賃料

3.7万円～4万円
共益費
3,500円
敷金
なし
礼金
なし


















","賃料

3.7万円～4万円
共益費
3,500円
敷金
なし
礼金
なし
"
"50","


グリーンヒルクラマグチ
グリーンヒル鞍馬口","所在地
〒603-8139　京都府京都市北区上善寺門前町331
最寄り駅

京都市営烏丸線「鞍馬口」駅 徒歩7分
間取り／面積

1DK／27m2
契約年数
2年

更新料
なし
完成年月
1992年03月
向き
南
階数・全部屋数

地上4階
建　0部屋

物件種別
マンション
構造
鉄筋コンクリート造
損害保険
要
各室専用設備
システムキッチン／ガスキッチン２口／エアコン／インターフォン／クローゼット／シューズケース／フローリング／バルコニー
共同設備
オートロック／駐輪場／BSアンテナ／光ケーブル
設備備考
電気
取引様態
媒介
","セパレート
敷金なし
2人入居可
","賃料

5.9万円
管理費
5,000円
敷金
なし
礼金
5万円




















","賃料

5.9万円
管理費
5,000円
敷金
なし
礼金
5万円
"
"51","


スタジオエフ
スタジオエフ","所在地
〒603-8151　京都府京都市北区小山下総町
最寄り駅

京都市営烏丸線「鞍馬口」駅 徒歩4分
京都市営烏丸線「今出川」駅 徒歩13分
京都市営烏丸線「北大路」駅 徒歩11分
間取り／面積

1K／27.8m2
契約年数
2年

更新料
1ヶ月分
完成年月
2018年03月
向き
東
階数・全部屋数

地上3階
建　8部屋

物件種別
マンション
構造
鉄筋コンクリート造
損害保険
要
各室専用設備
室内洗濯置場／独立洗面化粧台／追い焚き／セパレート（バス・トイレ）／温水洗浄便座／システムキッチン／IHコンロ／エアコン／インターフォン（TVモニター付)／ダブルロックキー／クローゼット／シューズケース／バルコニー／居室仕切ドア／角部屋
共同設備
オートロック／宅配ボックス／駐輪場／BSアンテナ／CSアンテナ／インターネット対応（無料）
設備備考
給湯（ガス）／電気／都市ガス／専用トイレ（水洗）
取引様態
媒介
","スーパーや100円均一も近いので、お買い物便利です
交通便利
充実設備
","賃料

6.7万円
管理費
4,000円
敷金
1ヶ月分
礼金
2ヶ月分




















","賃料

6.7万円
管理費
4,000円
敷金
1ヶ月分
礼金
2ヶ月分
"
"52","


ドルフソレイユクラマグチ
ドルフソレイユ鞍馬口","所在地
〒603-8154　京都府京都市北区長乗西町
最寄り駅

京都市営烏丸線「鞍馬口」駅 徒歩6分
京阪本線「出町柳」駅 自転車9分(約2.2km)
叡山電鉄叡山本線「出町柳」駅 自転車9分(約2.2km)
間取り／面積

1K／28.2m2／12.5帖
契約年数
2年

更新料
1ヶ月分
完成年月
2014年01月
向き
南
階数・全部屋数

地上4階
建　23部屋

物件種別
マンション
構造
鉄筋コンクリート造
損害保険
要
各室専用設備
シャワー／室内洗濯置場／独立洗面化粧台／セパレート（バス・トイレ）／洗面（浴室別）／温水洗浄便座／システムキッチン／専用台所／電化キッチン２口（IH）／エアコン／インターフォン（TVモニター付)／オートロック（指紋認証キー）／クローゼット／シューズケース／フローリング／バルコニー／角部屋
共同設備
オートロック／エレベータ／防犯カメラシステム／駐輪場／BSアンテナ／インターネット対応（無料）
設備備考
給湯（電気）／電気／水道（公営）／排水（公共下水）／専用トイレ（水洗）
取引様態
媒介
","築浅女子専用
ネット無料
防犯システム
","賃料

6.3万円～7.2万円
共益費
6,000円
敷金
5万円
礼金
15万円




















","賃料

6.3万円～7.2万円
共益費
6,000円
敷金
5万円
礼金
15万円
"
"53","


レタンドゥラメールシーケーファイヴ
レ・タン・ドゥ・ラ・メールCKⅤ","所在地
〒602-8435　京都府京都市上京区元伊佐町278-3
最寄り駅

京都市営烏丸線「今出川」駅 徒歩12分
京都市営烏丸線「鞍馬口」駅 自転車8分(約1.8km)
京都市営烏丸線「丸太町」駅 自転車10分(約2.3km)
間取り／面積

1K／17.9m2／6帖
契約年数
2年

更新料
なし
完成年月
1994年03月
向き
南
階数・全部屋数

地上9階
建　33部屋

物件種別
マンション
構造
鉄骨造
損害保険
要
各室専用設備
セパレート（バス・トイレ）／室外洗濯機置場／ガスコンロ／フローリング
共同設備
オートロック／エレベータ／駐輪場
設備備考
照明
取引様態
媒介
","洗濯機置場あり
大型コインランドリー
同志社大徒歩圏内
","賃料

4.6万円
管理費
5,000円
敷金
なし
礼金
1ヶ月分
設備維持費
2,000円




















","賃料

4.6万円
管理費
5,000円
敷金
なし
礼金
1ヶ月分
設備維持費
2,000円
"
"54","


トショウカン
登翔館","所在地
〒606-0801　京都府京都市左京区下鴨宮河町
最寄り駅

京都市営バス「新葵橋」停徒歩1分
京阪本線「出町柳」駅 徒歩6分
叡山電鉄叡山本線「出町柳」駅 徒歩6分
叡山電鉄叡山本線「元田中」駅 徒歩13分
間取り／面積

1R／17.6m2～21.9m2／6帖～10帖
契約年数
2年

更新料
なし
完成年月
1978年08月
向き
北、西、南
階数・全部屋数

地上5階
建　14部屋

物件種別
マンション
構造
鉄筋コンクリート造
損害保険
要
各室専用設備
ユニットバス   ／ガスコンロ設置可／電化キッチン（IH）／エアコン／インターフォン（TVモニター付)／ディンプルキー／バルコニー／居室照明器具
共同設備
コインランドリー／駐輪場
取引様態
媒介
","女子学生専用
モニター付インターフォン
家主近隣在住
","賃料

2.98万円～3.98万円
共益費
3,000円
敷金
7万円
礼金
なし
衛生費
650円 （税別）









1Rタイプ（17.6～21.9㎡）










","賃料

2.98万円～3.98万円
共益費
3,000円
敷金
7万円
礼金
なし
衛生費
650円 （税別）
"
"55","


サワラビテラス
sawarabi terrace","所在地
〒602-8215　京都府京都市上京区寺今町513
最寄り駅

京都市営烏丸線「今出川」駅 徒歩15分
京都市営烏丸線「鞍馬口」駅 自転車9分(約2.0km)
京都市営烏丸線「丸太町」駅 自転車10分(約2.3km)
間取り／面積

1K／27.5m2～30.9m2／8.2帖
契約年数
2年

更新料
なし
完成年月
2012年03月
向き
東
階数・全部屋数

地上5階
建　49部屋

物件種別
マンション
構造
鉄筋コンクリート造
損害保険
要
各室専用設備
セパレート（バス・トイレ）／洗面（浴室別）／温水洗浄便座／ガスコンロ／エアコン／インターフォン（TVモニター付)／ダブルロックキー／ウォークインクローゼット／フローリング／居室仕切ドア
共同設備
エレベータ／宅配ボックス／防犯カメラ／駐輪場／インターネット対応（無料）
取引様態
媒介
","セキュリティ充実
更新料ナシ
ダブルロックキー
","賃料

6.5万円～7万円
共益費
6,000円
敷金
なし
礼金
12万円




















","賃料

6.5万円～7万円
共益費
6,000円
敷金
なし
礼金
12万円
"
"56","


サワラビニョスイ
sawarabi如水","所在地
〒602-8231　京都府京都市上京区如水町
最寄り駅

京都市営烏丸線「今出川」駅 徒歩14分
間取り／面積

1R／19m2
契約年数
2年

更新料
なし
完成年月
1900年01月
向き
東
階数・全部屋数

地上4階
建　12部屋

物件種別
マンション
構造
鉄骨造
損害保険
要
各室専用設備
室内洗濯置場／ユニットバス   ／ガスコンロ設置可／エアコン／インターフォン（TVモニター付)／シューズケース／居室照明器具
共同設備
駐輪場(原付まで)
取引様態
媒介
","モニター付インターフォン
室内洗濯機置場
2口ガスコンロ持込可
","賃料

3.9万円～4.5万円
共益費
3,000円
敷金
なし
礼金
なし
備考

入会金60,000円




















","賃料

3.9万円～4.5万円
共益費
3,000円
敷金
なし
礼金
なし
備考

入会金60,000円
"
"57","


スイスキョウトホリカワウエスト
SWISS京都堀川WEST","所在地
〒602-8058　京都府京都市上京区二町目
最寄り駅

京都市営烏丸線「今出川」駅 徒歩17分
京都市営烏丸線「丸太町」駅 徒歩19分
京都地下鉄東西線「二条城前」駅 自転車7分(約1.6km)
間取り／面積

1K／25.8m2
契約年数
2年

更新料
なし
完成年月
2008年01月
向き
西
階数・全部屋数

地上11階
建　0部屋

物件種別
マンション
構造
鉄筋コンクリート造
損害保険
要
各室専用設備
室内洗濯置場／独立洗面化粧台／セパレート（バス・トイレ）／洗面（浴室別）／温水洗浄便座／ガスコンロ／エアコン／インターフォン（TVモニター付)／ディンプルキー／クローゼット／シューズケース／フローリング／居室仕切ドア
共同設備
オートロック／エレベータ／宅配ボックス／駐輪場／CATV／インターネット対応（無料）
設備備考
給湯（ガス）
取引様態
媒介
","ペット可
温水洗浄便座
独立洗面化粧台
","賃料

6.3万円～6.9万円
管理費
7,000円
敷金
なし
礼金
1ヶ月分




















","賃料

6.3万円～6.9万円
管理費
7,000円
敷金
なし
礼金
1ヶ月分
"
"58","


スイスキョウトホリカワイースト
SWISS京都堀川EAST","所在地
〒602-8058　京都府京都市上京区二町目
最寄り駅

京都市営烏丸線「今出川」駅 徒歩17分
京都市営烏丸線「丸太町」駅 徒歩19分
京都地下鉄東西線「二条城前」駅 自転車7分(約1.6km)
間取り／面積

1K／25m2
契約年数
2年

更新料
1万円
完成年月
2008年01月
向き
南
階数・全部屋数

地上7階
建　0部屋

物件種別
マンション
構造
鉄筋コンクリート造
損害保険
要
各室専用設備
室内洗濯置場／独立洗面化粧台／セパレート（バス・トイレ）／洗面（浴室別）／エアコン／インターフォン（TVモニター付)／ディンプルキー／クローゼット／フローリング／バルコニー／居室照明器具
共同設備
オートロック／エレベータ
設備備考
給湯（ガス）
取引様態
媒介
","ペット可
ネット無料
セパレート・独立洗面化粧台
","賃料

6.1万円～6.9万円
管理費
7,000円
敷金
なし
礼金
1ヶ月分




















","賃料

6.1万円～6.9万円
管理費
7,000円
敷金
なし
礼金
1ヶ月分
"
"59","


マルキョウビル
丸共ビル","所在地
〒602-8442　京都府京都市上京区薬師町239
最寄り駅

京都市営烏丸線「今出川」駅 徒歩15分
京都市営烏丸線「鞍馬口」駅 自転車9分(約2.0km)
京福電気鉄道北野線「北野白梅町」駅 自転車8分(約1.8km)
間取り／面積

1K／23m2／8帖
契約年数
2年

更新料
1ヶ月分
完成年月
1995年03月
向き
東
階数・全部屋数

地上3階
建　20部屋

物件種別
マンション
構造
鉄筋コンクリート造
損害保険
要
各室専用設備
シャワー／セパレート（バス・トイレ）／ガスコンロ／エアコン／インターフォン／クローゼット／バルコニー
共同設備
オートロック／駐輪場
取引様態
媒介
","広々8帖のお部屋
初期費用リーズナブル
最上階角部屋
","賃料

4.7万円～4.8万円
管理費
5,000円
敷金
なし
礼金
3万円




















","賃料

4.7万円～4.8万円
管理費
5,000円
敷金
なし
礼金
3万円
"
"60","


ジョイフルムラサキノ
ジョイフル紫野","所在地
〒602-0074　京都府京都市上京区下天神町
最寄り駅

京都市営烏丸線「鞍馬口」駅 徒歩11分
間取り／面積

1K／19.5m2
契約年数
2年

更新料
なし
完成年月
1992年03月
向き
東
階数・全部屋数

地上11階
建　59部屋

物件種別
マンション
構造
鉄骨鉄筋コンクリート造
損害保険
要
各室専用設備
ユニットバス   ／電気コンロ／エアコン／クローゼット／シューズケース／バルコニー／居室照明器具
共同設備
オートロック／エレベータ／BSアンテナ／インターネット対応
設備備考
家具付き（一部）
取引様態
媒介
","IHキッチン
大通り沿い
商店街徒歩圏内
","賃料

3.7万円
管理費
7,000円
敷金
5万円
礼金
5万円




















","賃料

3.7万円
管理費
7,000円
敷金
5万円
礼金
5万円
"
"61","


セレッソチョウジャチョウ
セレッソ長者町","所在地
〒602-8055　京都府京都市上京区大黒屋町
最寄り駅

京都市営烏丸線「丸太町」駅 徒歩15分
京都市営烏丸線「今出川」駅 徒歩18分
京都市営烏丸線「烏丸御池」駅 自転車8分(約1.9km)
間取り／面積

1K／27.7m2／8.3帖
契約年数
2年

更新料
2万円
完成年月
2017年11月
向き
東
階数・全部屋数

地上3階
建　21部屋

物件種別
マンション
構造
鉄筋コンクリート造
損害保険
要
各室専用設備
室内洗濯置場／洗面（浴室別）／温水洗浄便座／浴室乾燥機／システムキッチン／ガスキッチン２口／エアコン／インターフォン（TVモニター付)／クローゼット／バルコニー
共同設備
オートロック／宅配ボックス／防犯カメラ／駐輪場／駐車場 ／インターネット対応（無料）
設備備考
コンビニ近い／給湯（ガス）／都市ガス
取引様態
媒介
","浴室乾燥機
ゆとりの居室8帖以上
スーパー・コンビニ・病院徒歩圏内
","賃料

6.5万円～7万円
共益費
5,000円
敷金
1ヶ月分
礼金
2ヶ月分









303号室間取り










","賃料

6.5万円～7万円
共益費
5,000円
敷金
1ヶ月分
礼金
2ヶ月分
"
"62","


グランドアベニュー
グランドアベニュー","所在地
〒602-8442　京都府京都市上京区薬師町
最寄り駅

京都市営烏丸線「今出川」駅 徒歩15分
京都市営烏丸線「鞍馬口」駅 自転車9分(約2.0km)
京福電気鉄道北野線「北野白梅町」駅 自転車8分(約1.8km)
間取り／面積

1K／24m2／7.5帖
契約年数
2年

更新料
なし
完成年月
1995年07月
向き
南
階数・全部屋数

地上3階
建　20部屋

物件種別
マンション
構造
軽量気泡コンクリート造
損害保険
要
各室専用設備
セパレート（バス・トイレ）／室外洗濯機置場／ガスコンロ／エアコン／インターフォン／デジタルカードキー／クローゼット／シューズケース／フローリング
共同設備
駐輪場／インターネット対応（無料）
設備備考
給湯（ガス）／冷房／電気／洗面（浴室と一緒）
取引様態
媒介
","家賃リーズナブル
ネット無料
収納スペース豊富
","賃料

4.8万円～4.9万円
共益費
5,000円
敷金
なし
礼金
1ヶ月分




















","賃料

4.8万円～4.9万円
共益費
5,000円
敷金
なし
礼金
1ヶ月分
"
"63","


グリーンヒルシメイ
グリーンヒル紫明","所在地
〒603-8149　京都府京都市北区小山南上総町14-1
最寄り駅

京都市営烏丸線「鞍馬口」駅 徒歩7分
京都市営烏丸線「北大路」駅 徒歩8分
京都市営烏丸線「今出川」駅 徒歩17分
間取り／面積

1K／21.6m2／6.8帖
契約年数
2年

更新料
1ヶ月分
完成年月
1998年04月
向き
南
階数・全部屋数

地上4階
建　17部屋

物件種別
マンション
構造
鉄筋コンクリート造
損害保険
要
各室専用設備
室内洗濯置場／セパレート（バス・トイレ）／洗面（浴室別）／システムキッチン／ガスコンロ／エアコン／クローゼット／フローリング／バルコニー／居室仕切ドア
共同設備
オートロック／インターネット対応
設備備考
コンビニ近い
取引様態
媒介
","全室南向き
敷金なし
コンビニ徒歩4分
","賃料

5.4万円～5.7万円
管理費
5,000円
敷金
なし
礼金
1ヶ月分




















","賃料

5.4万円～5.7万円
管理費
5,000円
敷金
なし
礼金
1ヶ月分
"
"64","


シルクシティハナシメイ
シルクシティ花・紫明","所在地
〒603-8148　京都府京都市北区小山西花池町
最寄り駅

京都市営烏丸線「鞍馬口」駅 徒歩7分
京都市営烏丸線「北大路」駅 徒歩7分
京都市営烏丸線「今出川」駅 徒歩17分
間取り／面積

1K～2K／27.8m2～34.3m2／10.1帖～12帖
契約年数
2年

更新料
1ヶ月分
完成年月
2011年01月
向き
東、南
階数・全部屋数

地上5階
建　47部屋

物件種別
マンション
構造
鉄筋コンクリート造
損害保険
要
各室専用設備
室内洗濯置場／セパレート（バス・トイレ）／洗面（浴室別）／エアコン／クローゼット／フローリング／バルコニー
共同設備
オートロック／エレベータ／駐輪場／インターネット対応（無料）
設備備考
給湯（電気）／電気／水道（公営）／排水（公共下水）／専用トイレ（水洗）
取引様態
媒介
","交通便利
広々居室
オートロック
","賃料

6.5万円～9.1万円
管理費
5,000円
敷金
5万円
礼金
1ヶ月分～2ヶ月分









間取図










","賃料

6.5万円～9.1万円
管理費
5,000円
敷金
5万円
礼金
1ヶ月分～2ヶ月分
"
"65","


サイトウビル
サイトウビル","所在地
〒602-8448　京都府京都市上京区元北小路町
最寄り駅

京都市営烏丸線「今出川」駅 徒歩15分
京都市営烏丸線「鞍馬口」駅 自転車9分(約2.0km)
京都市営烏丸線「丸太町」駅 自転車11分(約2.6km)
間取り／面積

1K／16.5m2～17m2／6.3帖
契約年数
2年

更新料
1.1万円
完成年月
1986年03月
向き
北、東
階数・全部屋数

地上9階
建　32部屋

物件種別
マンション
構造
鉄骨造
損害保険
要
各室専用設備
ユニットバス   ／電気コンロ／エアコン／クローゼット／フローリング／バルコニー
共同設備
エレベータ／コインランドリー／駐輪場
設備備考
オール電化／給湯（電気）
取引様態
媒介
","エレベーター
女子専用のコインランドリー
オール電化
","賃料

3.2万円～3.3万円
管理費
5,000円
敷金
なし
礼金
なし




















","賃料

3.2万円～3.3万円
管理費
5,000円
敷金
なし
礼金
なし
"
"66","


ヴィオライワサ
VIOLA IWASA(ヴィオライワサ)","所在地
〒603-8149　京都府京都市北区小山南上総町70番地
最寄り駅

京都市営烏丸線「鞍馬口」駅 徒歩6分
京都市営烏丸線「北大路」駅 徒歩8分
間取り／面積

1K／27.2m2／10.1帖
契約年数
2年

更新料
なし
完成年月
2014年02月
向き
南
階数・全部屋数

地上3階
建　16部屋

物件種別
マンション
構造
鉄筋コンクリート造
損害保険
要
各室専用設備
シャワー／室内洗濯置場／独立洗面化粧台／セパレート（バス・トイレ）／システムキッチン／電化キッチン２口（IH+RH）／エアコン／インターフォン（TVモニター付)／ディンプルキー／クローゼット／シューズケース／フローリング／バルコニー
共同設備
オートロック／防犯カメラ／駐輪場(原付まで)／駐輪場（大型バイク可）／BSアンテナ／インターネット対応（無料）
設備備考
オール電化／コンビニ近い／給湯（電気）／冷房／暖房
取引様態
媒介
","セキュリティ充実
お部屋広々10帖
ネット無料
","賃料

6.7万円
管理費
4,000円
敷金
1ヶ月分
礼金
2ヶ月分




















","賃料

6.7万円
管理費
4,000円
敷金
1ヶ月分
礼金
2ヶ月分
"
"67","


ヴィラナカタチウリ
ヴィラ中立売","所在地
〒602-8237　京都府京都市上京区梨木町
最寄り駅

京都市営烏丸線「今出川」駅 徒歩19分
京都市営烏丸線「丸太町」駅 自転車8分(約1.9km)
京都地下鉄東西線「二条城前」駅 自転車8分(約1.8km)
間取り／面積

1K／22.2m2
契約年数
2年

更新料
なし
完成年月
1996年03月
向き
北、東
階数・全部屋数

地上6階
建　0部屋

物件種別
アパート
構造
鉄骨造
損害保険
要
各室専用設備
セパレート（バス・トイレ）／室外洗濯機置場／電化キッチン（IH）／エアコン／インターフォン／フローリング／バルコニー
共同設備
オートロック／エレベータ／駐輪場
設備備考
給湯（ガス）
取引様態
媒介
","バス停徒歩4分
全室角部屋
家賃リーズナブル
","賃料

4.2万円～4.5万円
管理費
3,000円
敷金
なし
礼金
なし




















","賃料

4.2万円～4.5万円
管理費
3,000円
敷金
なし
礼金
なし
"
"68","


コーポマチヤナギ
コーポ町柳","所在地
〒606-8205　京都府京都市左京区田中上柳町10
最寄り駅

京阪本線「出町柳」駅 徒歩5分
叡山電鉄叡山本線「出町柳」駅 徒歩3分
叡山電鉄叡山本線「元田中」駅 徒歩11分
間取り／面積

1R／17.8m2
契約年数
2年

更新料
1ヶ月分
完成年月
1983年02月
向き
南
階数・全部屋数

地上3階
建　17部屋

物件種別
アパート
構造
軽量鉄骨
損害保険
要
共同設備
共用ランドリー（無料）／駐輪場
設備備考
コンビニ近い
取引様態
媒介
","南向き
駅近
生活便利
","賃料

3.4万円～3.5万円
管理費
5,300円
敷金
なし
礼金
なし




















","賃料

3.4万円～3.5万円
管理費
5,300円
敷金
なし
礼金
なし
"
"69","


シモガモジョシガクセイカイカンテラッセタダスノモリ
下鴨女子学生会館　テラッセ糺ノ森","所在地
〒606-0804　京都府京都市左京区下鴨松原町42-7
最寄り駅

京都市営バス「糺ノ森」停徒歩1分
叡山電鉄叡山本線「出町柳」駅 徒歩12分
京阪本線「出町柳」駅 徒歩13分
叡山電鉄叡山本線「元田中」駅 徒歩16分
間取り／面積

1R／19.8m2～26.4m2／8.5帖～13帖
契約年数
2年

更新料
1ヶ月分
完成年月
1982年11月
向き
南、東
階数・全部屋数

地上3階
建　10部屋

物件種別
マンション
構造
鉄筋コンクリート造
損害保険
要
各室専用設備
室内洗濯置場／ユニットバス   ／電気コンロ／エアコン／バルコニー
共同設備
駐輪場／インターネット対応
取引様態
媒介
","水道料無料
セパレートあり
バス停徒歩1分
","賃料

4万円～4.9万円
管理費
5,000円
敷金
5万円
礼金
5万円




















","賃料

4万円～4.9万円
管理費
5,000円
敷金
5万円
礼金
5万円
"
"70","


プティメゾンニシジン
プティメゾン西陣","所在地
〒602-8407　京都府京都市上京区伊佐町239
最寄り駅

京都市営烏丸線「今出川」駅 徒歩17分
京都市営烏丸線「鞍馬口」駅 自転車7分(約1.6km)
京都市営烏丸線「北大路」駅 自転車9分(約2.0km)
間取り／面積

1K／15m2
契約年数
2年

更新料
なし
完成年月
1980年08月
向き
北
階数・全部屋数

地上3階
建　18部屋

物件種別
マンション
構造
鉄骨造
損害保険
要
各室専用設備
シャワー／ガスコンロ設置可／エアコン／フローリング
共同設備
防犯カメラ／BSアンテナ／CSアンテナ／インターネット対応（無料）
設備備考
都市ガス
取引様態
媒介
","コインランドリー
礼金・敷金なし
","賃料

2.5万円
管理費
4,000円
敷金
なし
礼金
なし


















","賃料

2.5万円
管理費
4,000円
敷金
なし
礼金
なし
"
"71","


グリーンヒルコヤマ
グリーンヒル小山","所在地
〒603-8148　京都府京都市北区小山西花池町5-8
最寄り駅

京都市営烏丸線「北大路」駅 徒歩7分
京都市営烏丸線「鞍馬口」駅 徒歩6分
京都市営烏丸線「今出川」駅 徒歩16分
間取り／面積

1K／25m2／8.2帖
契約年数
1年

更新料
6.3万円
完成年月
2009年03月
向き
東、南
階数・全部屋数

地上4階
建　27部屋

物件種別
マンション
構造
鉄筋コンクリート造
損害保険
要
各室専用設備
室内洗濯置場／セパレート（バス・トイレ）／洗面（浴室別）／ガスキッチン２口／エアコン／床暖房／バルコニー
共同設備
オートロック／宅配ボックス／駐輪場／BSアンテナ／CSアンテナ
取引様態
媒介
","ゆとりの居室
独立洗面化粧台
宅配BOX
","賃料

6.3万円～6.7万円
管理費
2,500円～3,000円
敷金
なし
礼金
1ヶ月分




















","賃料

6.3万円～6.7万円
管理費
2,500円～3,000円
敷金
なし
礼金
1ヶ月分
"
"72","


ケイアイマンション
KIマンション","所在地
〒603-8149　京都府京都市北区小山南上総町56-2
最寄り駅

京都市営烏丸線「北大路」駅 徒歩6分
京都市営烏丸線「鞍馬口」駅 徒歩6分
京都市営烏丸線「今出川」駅 徒歩16分
間取り／面積

1R／17m2／6帖
契約年数
1年

更新料
なし
完成年月
1984年11月
向き
北
階数・全部屋数

地上4階
建　9部屋

物件種別
マンション
構造
鉄骨造
損害保険
要
各室専用設備
シャワー／ユニットバス   ／室外洗濯機置場／ガスコンロ設置可／エアコン／クローゼット
取引様態
媒介
","駅近便利
ショッピングセンター徒歩圏内
洗濯機置場
","賃料

3.2万円
管理費
4,000円
敷金
5万円
礼金
5万円
設備維持費
2,000円




















","賃料

3.2万円
管理費
4,000円
敷金
5万円
礼金
5万円
設備維持費
2,000円
"
"73","


アッツホリカワ
A.t.s堀川","所在地
〒603-8158　京都府京都市北区紫野宮西町14番地4
最寄り駅

京都市営バス「堀川鞍馬口」停徒歩1分
京都市営烏丸線「鞍馬口」駅 徒歩12分
京都市営烏丸線「北大路」駅 徒歩14分
京都市営烏丸線「今出川」駅 自転車7分(約1.6km)
間取り／面積

1K／21.4m2～24m2／7.2帖
契約年数
2年

更新料
1ヶ月分
完成年月
2001年03月
向き
東
階数・全部屋数

地上7階
建　25部屋

物件種別
マンション
構造
鉄筋コンクリート造
損害保険
要
各室専用設備
室内洗濯置場／独立洗面化粧台／ガスコンロ／エアコン／インターフォン（TVモニター付)／クローゼット／シューズケース／フローリング／バルコニー
共同設備
オートロック／エレベータ／駐輪場(原付まで)／BSアンテナ／CATV／インターネット対応
設備備考
給湯（ガス）／都市ガス
取引様態
媒介
","セキュリティ充実
独立洗面化粧台
生活便利
","賃料

5.3万円～5.4万円
管理費
5,000円～6,000円
敷金
7万円～8万円
礼金
7万円～10万円




















","賃料

5.3万円～5.4万円
管理費
5,000円～6,000円
敷金
7万円～8万円
礼金
7万円～10万円
"
"74","


ダイヤモンドパレスホリカワ
ダイヤモンドパレス堀川","所在地
〒602-8056　京都府京都市上京区三町目13番地
最寄り駅

京都市営烏丸線「丸太町」駅 徒歩15分
京都地下鉄東西線「二条城前」駅 徒歩16分
京都市営烏丸線「今出川」駅 自転車7分(約1.7km)
間取り／面積

1R／21.1m2
契約年数
1年

更新料
3万円
完成年月
1986年01月
向き
西
階数・全部屋数

地上6階
建　0部屋

物件種別
マンション
構造
鉄骨鉄筋コンクリート造
損害保険
要
各室専用設備
シャワー／ユニットバス／ガスコンロ設置可／エアコン／クローゼット／フローリング
共同設備
エレベータ／コインランドリー／駐輪場／バイク置場
取引様態
媒介
","堀川商店街すぐ徒歩圏内
コインランドリー
乾燥機もあり
","賃料

3.35万円～4.35万円
管理費
6,000円
敷金
9万円
入館金
3万円




















","賃料

3.35万円～4.35万円
管理費
6,000円
敷金
9万円
入館金
3万円
"
"75","


テラカワビル
寺川ビル","所在地
〒603-8149　京都府京都市北区小山南上総町56番地
最寄り駅

京都市営烏丸線「北大路」駅 徒歩3分
京都市営烏丸線「鞍馬口」駅 徒歩4分
間取り／面積

1K／15m2／5.5帖
契約年数
1年

更新料
1.1万円
完成年月
2011年07月
向き
東
階数・全部屋数

地上4階
建　6部屋

物件種別
マンション
構造
鉄骨造
損害保険
要
各室専用設備
浴室乾燥機／室外洗濯機置場
共同設備
オートロック
取引様態
媒介
","駅徒歩圏内
生活便利
オシャレな居室
","賃料

4.35万円
管理費
5,000円
敷金
なし
礼金
5万円









2017/10/2










","賃料

4.35万円
管理費
5,000円
敷金
なし
礼金
5万円
"
"76","


ヒューマンハイツ
ヒューマンハイツ","所在地
〒602-8259　京都府京都市上京区常陸町432-23
最寄り駅

京都市営烏丸線「今出川」駅 自転車7分(約1.7km)
京都市営烏丸線「丸太町」駅 自転車8分(約1.8km)
京都地下鉄東西線「二条城前」駅 自転車7分(約1.7km)
間取り／面積

1K／22.8m2／7帖
契約年数
2年

更新料
なし
完成年月
1990年04月
向き
東
階数・全部屋数

地上4階
建　21部屋

物件種別
マンション
構造
鉄筋コンクリート造
損害保険
要
各室専用設備
ユニットバス／セパレート（バス・トイレ）／室外洗濯機置場／ガスコンロ／エアコン／クローゼット／フローリング
共同設備
オートロック／駐輪場(原付まで)／インターネット対応（無料）
取引様態
媒介
","ネット無料
オートロック
セパレート
","賃料

4.5万円
管理費
3,000円
敷金
なし
礼金
1ヶ月分




















","賃料

4.5万円
管理費
3,000円
敷金
なし
礼金
1ヶ月分
"
"77","


フラッティチエコウイン
フラッティ智恵光院","所在地
〒602-8446　京都府京都市上京区五辻町
最寄り駅

京都市営バス「今出川浄福寺」停徒歩3分
京都市営烏丸線「今出川」駅 徒歩18分
京福電気鉄道北野線「北野白梅町」駅 自転車7分(約1.7km)
間取り／面積

1K／22.6m2～22.7m2／8帖
契約年数
2年

更新料
1ヶ月分
完成年月
2017年02月
向き
南
階数・全部屋数

地上4階
建　23部屋

物件種別
マンション
構造
鉄骨造
損害保険
要
各室専用設備
シャワー／室内洗濯置場／独立洗面化粧台／セパレート（バス・トイレ）／浴室乾燥機／システムキッチン／ガスキッチン２口／エアコン／インターフォン（TVモニター付)／ディンプルキー／フローリング／バルコニー／居室仕切ドア
共同設備
オートロック／宅配ボックス／駐輪場（大型バイク可）／BSアンテナ／光ケーブル
取引様態
媒介
","大型バイク駐車可！！
浴室乾燥機付き
インターネット無料
","賃料

6.1万円～6.3万円
管理費
6,000円
敷金
なし
礼金
2ヶ月分


















","賃料

6.1万円～6.3万円
管理費
6,000円
敷金
なし
礼金
2ヶ月分
"
"78","


リュックスチエコウイン
Luxe智恵光院","所在地
〒602-8408　京都府京都市上京区古美濃部町178-2
最寄り駅

京都市営烏丸線「今出川」駅 徒歩19分
京都市営烏丸線「鞍馬口」駅 自転車7分(約1.6km)
京都市営烏丸線「北大路」駅 自転車9分(約2.0km)
間取り／面積

1K／21.3m2／6.1帖
契約年数
2年

更新料
1ヶ月分
完成年月
2007年05月
向き
西
階数・全部屋数

地上5階
建　14部屋

物件種別
マンション
構造
鉄筋コンクリート造
損害保険
要
各室専用設備
シャワー／室内洗濯置場／独立洗面化粧台／セパレート（バス・トイレ）／温水洗浄便座／浴室乾燥機／ガスキッチン２口／エアコン／インターフォン／クローゼット／シューズケース／フローリング／バルコニー／居室仕切ドア
共同設備
オートロック／エレベータ／駐輪場(原付まで)／BSアンテナ／インターネット対応（無料）
設備備考
コンビニ近い／給湯（ガス）
取引様態
媒介
","ネット無料
温水洗浄便座
コンビニ徒歩3分
","賃料

5.5万円
管理費
6,000円
敷金
5万円
礼金
5万円




















","賃料

5.5万円
管理費
6,000円
敷金
5万円
礼金
5万円
"
"79","


ワイズフラッツニシジン
Y's　Ｆlats 西陣","所在地
〒602-8444　京都府京都市上京区西北小路町235
最寄り駅

京都市営烏丸線「今出川」駅 徒歩17分
京都市営烏丸線「鞍馬口」駅 自転車9分(約2.2km)
京福電気鉄道北野線「北野白梅町」駅 徒歩19分
間取り／面積

1K／29.4m2
契約年数
2年

更新料
1ヶ月分
完成年月
2008年03月
向き
南
階数・全部屋数

地上10階
建　45部屋

物件種別
マンション
構造
鉄筋コンクリート造
損害保険
要
各室専用設備
室内洗濯置場／独立洗面化粧台／セパレート（バス・トイレ）／電化キッチン２口（IH+RH）／エアコン／インターフォン（TVモニター付)／フローリング／居室照明器具
共同設備
オートロック／エレベータ／宅配ボックス／防犯カメラ／駐輪場／駐輪場(原付まで)／BSアンテナ／CSアンテナ／インターネット対応（無料）
設備備考
コンビニ近い／給湯（電気）
取引様態
媒介
","原付き：500円／月・中・大型バイク：3千円／月
台所・洗面所・ユニットバスはＬＥＤ照明備付き
南向き
","賃料

6.2万円～6.5万円
共益費
6,000円
敷金
1ヶ月分
礼金
1.5ヶ月分




















","賃料

6.2万円～6.5万円
共益費
6,000円
敷金
1ヶ月分
礼金
1.5ヶ月分
"
"80","


グランコスモデマチヤナギ
グランコスモ出町柳","所在地
〒606-8203　京都府京都市左京区田中関田町
最寄り駅

京阪本線「出町柳」駅 徒歩3分
間取り／面積

1K／25m2～26m2／8帖～9.3帖
契約年数
1年

更新料
1ヶ月分
完成年月
2003年03月
向き
南、北
階数・全部屋数

地上6階
建　27部屋

物件種別
マンション
構造
鉄筋コンクリート造
損害保険
要
各室専用設備
シャワー／室内洗濯置場／セパレート（バス・トイレ）／システムキッチン／専用台所／ガスコンロ／エアコン／床暖房／インターフォン／クローゼット／シューズケース／バルコニー／居室仕切ドア
共同設備
オートロック／エレベータ／宅配ボックス／駐輪場／BSアンテナ／CSアンテナ
設備備考
コンビニ近い／給湯（ガス）／電気／都市ガス／水道（公営）／排水（公共下水）／専用トイレ（水洗）
取引様態
媒介
","コンビニ徒歩3分
交通便利
設備充実
","賃料

6.5万円～7.45万円
共益費
2,500円
敷金
8万円
礼金
13万円～16万円




















","賃料

6.5万円～7.45万円
共益費
2,500円
敷金
8万円
礼金
13万円～16万円
"
"81","


プチシャトー１９
プチシャトー１９","所在地
〒602-0091　京都府京都市上京区筋違橋町５６４－１
最寄り駅

京都市営烏丸線「鞍馬口」駅 徒歩15分
間取り／面積

2K／26.6m2／9帖
契約年数
2年

更新料
1ヶ月分
完成年月
1989年10月
向き
西
階数・全部屋数

地上4階
建　0部屋

物件種別
マンション
構造
鉄筋コンクリート造
損害保険
要
各室専用設備
室内洗濯置場／セパレート（バス・トイレ）／ガスコンロ設置可／ガスキッチン２口／エアコン／クローゼット／シューズケース／バルコニー
共同設備
オートロック／駐輪場(原付まで)／インターネット対応（無料）
設備備考
コンビニ近い／給湯（ガス）／電気／都市ガス／水道（公営）
取引様態
媒介
","コンビニ徒歩1分
スーパー徒歩6分
2口コンロ持込可
","賃料

5.2万円
管理費
5,000円
敷金
7万円
礼金
1ヶ月分




















","賃料

5.2万円
管理費
5,000円
敷金
7万円
礼金
1ヶ月分
"
"82","


カモジョシガクセイカイカン
賀茂女子学生会館","所在地
〒606-8203　京都府京都市左京区田中関田町
最寄り駅

京阪本線「出町柳」駅 徒歩3分
間取り／面積

1K／19m2／7帖
契約年数
1年

更新料
1ヶ月分
完成年月
1984年03月
向き
東
階数・全部屋数

地上5階
建　36部屋

物件種別
マンション
構造
鉄筋コンクリート造
損害保険
要
各室専用設備
シャワー／ユニットバス   ／専用台所／ガスコンロ設置可／エアコン／インターフォン／クローゼット／シューズケース／フローリング／バルコニー
共同設備
オートロック／エレベータ／駐輪場／光ケーブル／インターネット対応
設備備考
学生会館／給湯（ガス）／電気／都市ガス／水道（公営）／排水（公共下水）／専用トイレ（水洗）
取引様態
媒介
","セキュリティ充実
女子専用
駅徒歩3分
","賃料

4.5万円～5.2万円
管理費
6,000円
敷金
1ヶ月分
礼金
5万円




















","賃料

4.5万円～5.2万円
管理費
6,000円
敷金
1ヶ月分
礼金
5万円
"
"83","


プチロワイヤル
プチロワイヤル","所在地
〒602-8113　京都府京都市上京区元福大明神町309
最寄り駅

京都市営バス「堀川下立売」停徒歩1分
京都市営烏丸線「丸太町」駅 徒歩16分
京都地下鉄東西線「二条城前」駅 徒歩15分
京都市営烏丸線「今出川」駅 自転車8分(約1.8km)
間取り／面積

1R／22m2～22.9m2／9帖～9.5帖
契約年数
2年

更新料
6万円
完成年月
1994年09月
向き
西、東
階数・全部屋数

地上4階
建　24部屋

物件種別
マンション
構造
鉄筋コンクリート造
損害保険
要
各室専用設備
室内洗濯置場／ユニットバス／電気温水器／電化キッチン（IH）／エアコン／インターフォン（TVモニター付)／センサー感知ライト／暗証番号式キー／クローゼット／シューズケース／吊棚／フローリング／ロフト／バルコニー／居室仕切ドア
共同設備
オートロック／宅配ボックス／防犯カメラ／駐輪場／駐輪場(原付まで)／BSアンテナ／インターネット対応
設備備考
オール電化
取引様態
媒介
","商店街徒歩1分
スーパー徒歩5分
バス停徒歩1分
","賃料

3.95万円～5.05万円
敷金
2万円
入館金
9万円
設備維持費
6,000円
備考

衛生費500円（税別）/月




















","賃料

3.95万円～5.05万円
敷金
2万円
入館金
9万円
設備維持費
6,000円
備考

衛生費500円（税別）/月
"
"84","


イコマハイツ
生駒ハイツ","所在地
〒602-8481　京都府京都市上京区聖天町
最寄り駅

京都市営烏丸線「今出川」駅 徒歩19分
京都市営烏丸線「鞍馬口」駅 自転車8分(約1.9km)
京福電気鉄道北野線「北野白梅町」駅 自転車8分(約1.8km)
間取り／面積

1R／15m2
契約年数
1年

更新料
なし
完成年月
1981年03月
向き
南
階数・全部屋数

地上4階
建　9部屋

物件種別
マンション
構造
鉄骨造
損害保険
要
各室専用設備
ユニットバス   ／ガスコンロ設置可／エアコン／クローゼット
共同設備
共用ランドリー（無料）／インターネット対応（無料）
取引様態
媒介
","水道料・ネット代は共益費込
学生専用
コインランドリー無料
","賃料

3.1万円
管理費
5,500円
敷金
5万円
礼金
5万円









間取り










","賃料

3.1万円
管理費
5,500円
敷金
5万円
礼金
5万円
"
"85","


マークニシジン
マーク西陣","所在地
〒602-8452　京都府京都市上京区元中之町493
最寄り駅

京都市営烏丸線「今出川」駅 徒歩18分
京福電気鉄道北野線「北野白梅町」駅 徒歩19分
京都市営烏丸線「鞍馬口」駅 自転車10分(約2.4km)
間取り／面積

1K／17.2m2／6帖
契約年数
2年

更新料
なし
完成年月
1988年01月
向き
東
階数・全部屋数

地上4階
建　57部屋

物件種別
マンション
構造
鉄筋コンクリート造
損害保険
要
各室専用設備
室内洗濯置場／電化キッチン（IH）／エアコン／クローゼット／フローリング
共同設備
オートロック／コインランドリー
設備備考
コンビニ近い／都市ガス／専用トイレ（水洗）
取引様態
媒介
","スーパー･コンビニ徒歩圏内
地下鉄今出川徒歩17分
鉄筋コンクリート造
","賃料

3.6万円～4万円
管理費
4,000円
敷金
1ヶ月分
礼金
1ヶ月分









間取り図










","賃料

3.6万円～4万円
管理費
4,000円
敷金
1ヶ月分
礼金
1ヶ月分
"
"86","


ウエストポイントホリ
ウエストポイント堀","所在地
〒602-8405　京都府京都市上京区大猪熊町51番地
最寄り駅

京都市営バス　乾隆校前
京都市営烏丸線「今出川」駅 自転車7分(約1.7km)
京都市営烏丸線「鞍馬口」駅 自転車7分(約1.7km)
京都市営烏丸線「北大路」駅 自転車9分(約2.0km)
間取り／面積

1K／25.6m2
契約年数
2年

更新料
なし
完成年月
2008年03月
向き
東
階数・全部屋数

地上3階
建　9部屋

物件種別
マンション
構造
鉄骨造
損害保険
要
各室専用設備
室内洗濯置場／独立洗面化粧台／温水洗浄便座／浴室乾燥機／システムキッチン／ガスキッチン２口／エアコン／オートロック（指紋認証キー）／クローゼット／シューズケース／フローリング／バルコニー／角部屋
共同設備
オートロック／防犯カメラ／駐輪場／バイク置場／駐輪場（大型バイク可）／BSアンテナ／光ケーブル
設備備考
コンビニ近い
取引様態
媒介
","セキュリティ充実
全室角部屋
中型・大型バイク駐輪無料
","賃料

5.5万円
管理費
5,000円
敷金
なし
礼金
1ヶ月分




















","賃料

5.5万円
管理費
5,000円
敷金
なし
礼金
1ヶ月分
"
"87","


ダイニジュウキュウチョウエイグランビューシモチョウジャ
第29長栄グランビュー下長者","所在地
〒602-8101　京都府京都市上京区東辰巳町
最寄り駅

京都市営烏丸線「丸太町」駅 自転車8分(約1.8km)
京都地下鉄東西線「二条城前」駅 自転車7分(約1.6km)
ＪＲ山陰本線「二条」駅 自転車8分(約1.8km)
間取り／面積

1R／20.1m2／8.5帖
契約年数
2年

更新料
1ヶ月分
完成年月
1991年04月
向き
東
階数・全部屋数

地上5階
建　14部屋

物件種別
マンション
構造
鉄筋コンクリート造
損害保険
要
各室専用設備
シャワー／3点ユニットバス／電化キッチン（IH）／エアコン
共同設備
オートロック／エレベータ／駐輪場／インターネット対応（無料）
設備備考
洗面（浴室と一緒）
取引様態
媒介
","オートロック・エレベーター
ネット無料
お部屋は8.5帖と広々
","賃料

4.2万円
管理費
4,000円
敷金
なし
礼金
1ヶ月分




















","賃料

4.2万円
管理費
4,000円
敷金
なし
礼金
1ヶ月分
"
"88","


クラウンハイムキョウトキタオオジ
クラウンハイム京都北大路","所在地
〒603-8165　京都府京都市北区紫野西御所田町64
最寄り駅

京都市営烏丸線「鞍馬口」駅 徒歩14分
京都市営烏丸線「北大路」駅 徒歩11分
京阪本線「出町柳」駅 自転車13分(約3.0km)
間取り／面積

1K／25.4m2／7.1帖
契約年数
2年

更新料
なし
完成年月
2002年02月
向き
北西
階数・全部屋数

地上7階
建　47部屋

物件種別
マンション
構造
鉄筋コンクリート造
損害保険
要
各室専用設備
シャワー／室内洗濯置場／セパレート（バス・トイレ）／洗面（浴室別）／温水洗浄便座／電気コンロ／クローゼット／フローリング／バルコニー
共同設備
オートロック／エレベータ／宅配ボックス／駐輪場／バイク置場／BSアンテナ
設備備考
オール電化
取引様態
媒介
","地下鉄徒歩圏内
設備充実
きれいなお部屋
","賃料

5.6万円
管理費
5,850円
敷金
1ヶ月分
礼金
1ヶ月分









間取り図










","賃料

5.6万円
管理費
5,850円
敷金
1ヶ月分
礼金
1ヶ月分
"
"89","


エスコート
S-COURT","所在地
〒606-8205　京都府京都市左京区田中上柳町91
最寄り駅

京阪本線「出町柳」駅 徒歩6分
叡山電鉄叡山本線「出町柳」駅 徒歩5分
叡山電鉄叡山本線「元田中」駅 徒歩9分
間取り／面積

1R／31.7m2～41.4m2／8.9帖～13.8帖
契約年数
4年

更新料
なし
完成年月
2017年09月
向き
北西、南東
階数・全部屋数

地上4階
建　52部屋

物件種別
マンション
構造
鉄筋コンクリート造
損害保険
要
各室専用設備
室内洗濯置場／洗面（浴室別）／温水洗浄便座／暖房便座／システムキッチン／電化キッチン２口（IH）／エアコン／クローゼット／フローリング／ロフト／バルコニー
共同設備
オートロック／エレベータ／防犯カメラ／駐輪場／駐車場 ／光ケーブル／インターネット対応（無料）
取引様態
媒介
","デザイナーズマンション
独立洗面化粧台
オートロック
","賃料

6.9万円～10.1万円
管理費
6,000円
敷金
なし
礼金
2ヶ月分


















","賃料

6.9万円～10.1万円
管理費
6,000円
敷金
なし
礼金
2ヶ月分
"
"90","


サンカノンゴショニシ
サンカノン御所西","所在地
〒602-8038　京都府京都市上京区東魚屋町
最寄り駅

京都市営烏丸線「丸太町」駅 徒歩8分
京都市営烏丸線「今出川」駅 自転車7分(約1.7km)
間取り／面積

1K／25m2／8帖
契約年数
1年

更新料
0.5ヶ月分
完成年月
2014年03月
向き
南
階数・全部屋数

地上5階
建　15部屋

物件種別
マンション
構造
鉄骨造
損害保険
要
各室専用設備
シャワー／室内洗濯置場／セパレート（バス・トイレ）／洗面（浴室別）／温水洗浄便座／浴室乾燥機／電化キッチン２口（IH）／エアコン／床暖房／インターフォン（TVモニター付)／ディンプルキー／クローゼット／フローリング／バルコニー／角部屋
共同設備
オートロック／エレベータ／宅配ボックス／防犯カメラ／バイク置場／駐輪場(原付まで)／CATV／光ケーブル／インターネット対応（無料）
設備備考
コンビニ近い／給湯（電気）／冷房／暖房／電気／水道（公営）／専用トイレ（水洗）
取引様態
媒介
","地下鉄烏丸線「丸太町」駅徒歩圏内
京都第二赤十字病院すぐそば
京都府警まで徒歩圏内
","賃料

6.1万円～6.5万円
共益費
6,000円
敷金
5万円
礼金
12万円









間取り図










","賃料

6.1万円～6.5万円
共益費
6,000円
敷金
5万円
礼金
12万円
"
"91","


グレースコトブキ
グレース寿","所在地
〒602-8263　京都府京都市上京区須浜東町
最寄り駅

京都市営烏丸線「今出川」駅 自転車8分(約1.8km)
京都地下鉄東西線「二条城前」駅 自転車8分(約1.8km)
京都市営烏丸線「丸太町」駅 自転車8分(約1.9km)
間取り／面積

1R／17m2／6帖
契約年数
2年

更新料
1ヶ月分
完成年月
1996年08月
向き
北、南
階数・全部屋数

地上4階
建　14部屋

物件種別
マンション
構造
鉄骨造
損害保険
要
各室専用設備
室内洗濯置場／セパレート（バス・トイレ）／IHコンロ／エアコン／インターフォン／クローゼット／吊棚／フローリング
共同設備
オートロック／インターネット対応（無料）
設備備考
電気／都市ガス／水道（公営）
取引様態
媒介
","家賃リーズナブル
コンビニ・商店街徒歩圏内
生活便利
","賃料

3.4万円～4.5万円
共益費
4,000円
敷金
なし
礼金
なし




















","賃料

3.4万円～4.5万円
共益費
4,000円
敷金
なし
礼金
なし
"
"92","


クロスキタオオジ
CROSS北大路","所在地
〒603-8165　京都府京都市北区紫野西御所田町
最寄り駅

京都市営烏丸線「北大路」駅 徒歩9分
京都市営烏丸線「鞍馬口」駅 徒歩14分
京阪本線「出町柳」駅 自転車13分(約3.0km)
間取り／面積

1K／28.1m2／8.3帖
契約年数
2年

更新料
0.5ヶ月分
完成年月
2016年02月
向き
西
階数・全部屋数

地上5階
建　12部屋

物件種別
マンション
構造
鉄筋コンクリート造
損害保険
要
各室専用設備
シャワー／室内洗濯置場／独立洗面化粧台／洗面（浴室別）／ガスキッチン２口／エアコン／インターフォン（TVモニター付)／クローゼット／フローリング／バルコニー／居室仕切ドア
共同設備
オートロック／エレベータ／防犯カメラ／駐輪場／光ケーブル／インターネット対応（無料）
設備備考
電気／都市ガス／水道（公営）／排水（公共下水）／専用トイレ（水洗）
取引様態
媒介
","2口ガスキッチン
ネット無料
区役所徒歩圏内で便利
","賃料

6.6万円
管理費
6,000円
敷金
5万円
礼金
15万円




















","賃料

6.6万円
管理費
6,000円
敷金
5万円
礼金
15万円
"
"93","


ソラーレカモガワ
Solare鴨川","所在地
〒606-8307　京都府京都市左京区吉田上阿達町
最寄り駅

京阪本線「神宮丸太町」駅 徒歩6分
京阪本線「出町柳」駅 徒歩11分
間取り／面積

1DK／30.2m2／12.7帖
契約年数
2年

更新料
1ヶ月分
完成年月
2005年01月
向き
西
階数・全部屋数

地上5階
建　0部屋

物件種別
マンション
構造
鉄筋コンクリート造
損害保険
要
各室専用設備
室内洗濯置場／セパレート（バス・トイレ）／洗面（浴室別）／温水洗浄便座／電化キッチン２口（IH）／エアコン／クローゼット／フローリング／バルコニー
共同設備
オートロック／駐輪場(原付まで)
設備備考
コンビニ近い
取引様態
媒介
","宅配BOX
IHキッチン2口
温水洗浄便座
","賃料

7.1万円～7.7万円
管理費
6,000円
敷金
10万円
礼金
20万円




















","賃料

7.1万円～7.7万円
管理費
6,000円
敷金
10万円
礼金
20万円
"
"94","


プチ・パレ
プチ・パレ","所在地
〒602-8483　京都府京都市上京区杉若町670-3
最寄り駅

京都市営烏丸線「今出川」駅 自転車7分(約1.6km)
京福電気鉄道北野線「北野白梅町」駅 自転車7分(約1.7km)
京都市営烏丸線「鞍馬口」駅 自転車9分(約2.0km)
間取り／面積

1K／23.8m2
契約年数
2年

更新料
なし
完成年月
1994年10月
向き
北
階数・全部屋数

地上3階
建　12部屋

物件種別
マンション
構造
鉄骨造
損害保険
要
各室専用設備
シャワー／ユニットバス／ガスコンロ設置可／エアコン／インターフォン（TVモニター付)／クローゼット／シューズケース
共同設備
防犯カメラ／コインランドリー／駐輪場／光ケーブル
設備備考
給湯（ガス）／都市ガス
取引様態
媒介
","個別のランドリースペースあり
閑静な住宅街
","賃料

3.7万円
管理費
3,500円
敷金
なし
礼金
なし




















","賃料

3.7万円
管理費
3,500円
敷金
なし
礼金
なし
"
"95","


モリマンションナナ
森マンションⅦ","所在地
〒606-8301　京都府京都市左京区吉田泉殿町56
最寄り駅

京阪本線「出町柳」駅 徒歩5分
間取り／面積

1K／19m2
契約年数
2年

更新料
1ヶ月分
完成年月
1991年03月
向き
南
階数・全部屋数

地上4階
建　20部屋

物件種別
マンション
構造
鉄筋コンクリート造
損害保険
要
各室専用設備
3点ユニットバス／室外洗濯機置場／電化キッチン（IH）／エアコン／クローゼット／フローリング／バルコニー
共同設備
インターネット対応
取引様態
媒介
","コンビニ徒歩5分
IHキッチン
水道料共益費込
","賃料

3.85万円～4.35万円
管理費
4,500円
敷金
5万円
礼金
なし




















","賃料

3.85万円～4.35万円
管理費
4,500円
敷金
5万円
礼金
なし
"
"96","


ゼクウホリカワ
是空HORIKAWA","所在地
〒602-8043　京都府京都市上京区五町目
最寄り駅

京都地下鉄東西線「二条城前」駅 徒歩13分
京都市営烏丸線「丸太町」駅 徒歩12分
ＪＲ山陰本線「二条」駅 自転車8分(約1.8km)
間取り／面積

1K／22.7m2／8帖
契約年数
2年

更新料
1ヶ月分
完成年月
2007年06月
向き
東
階数・全部屋数

地上9階
建　16部屋

物件種別
マンション
構造
鉄筋コンクリート造
損害保険
要
各室専用設備
シャワー／室内洗濯置場／独立洗面化粧台／セパレート（バス・トイレ）／洗面（浴室別）／洗濯機／専用台所／ガスキッチン２口／エアコン／床暖房／インターフォン（TVモニター付)／ディンプルキー／床下収納／クローゼット／フローリング／ロフト／バルコニー
共同設備
オートロック／エレベータ／宅配ボックス／防犯カメラ／駐輪場(原付まで)／駐輪場（大型バイク可）／BSアンテナ／インターネット対応
設備備考
シェアハウス／コンビニ近い／冷房／暖房／電気／都市ガス／専用トイレ（水洗）
取引様態
媒介
","スーパー徒歩2分
2人入居可
ペット飼育可
","賃料

6.8万円
管理費
7,000円
敷金
なし
礼金
1ヶ月分




















","賃料

6.8万円
管理費
7,000円
敷金
なし
礼金
1ヶ月分
"
"97","


ロイヤルムラサキノ
ロイヤル紫野","所在地
〒603-8224　京都府京都市北区紫野西藤ノ森町1-48
最寄り駅

京都市営烏丸線「鞍馬口」駅 徒歩19分
京都市営烏丸線「今出川」駅 自転車8分(約1.8km)
京都市営烏丸線「北大路」駅 自転車8分(約1.8km)
間取り／面積

1K／18m2
契約年数
2年

更新料
なし
完成年月
1991年05月
向き
南
階数・全部屋数

地上4階
建　0部屋

物件種別
マンション
構造
鉄骨造
損害保険
要
各室専用設備
室外洗濯機置場／IHコンロ／エアコン／クローゼット／フローリング
共同設備
インターネット対応（無料）
設備備考
都市ガス
取引様態
媒介
","","賃料

3.7万円
管理費
3,000円
敷金
なし
礼金
なし


















","賃料

3.7万円
管理費
3,000円
敷金
なし
礼金
なし
"
"98","


パインカンスリー
PINE館Ⅲ","所在地
〒606-8202　京都府京都市左京区田中大堰町
最寄り駅

京阪本線「出町柳」駅 徒歩5分
間取り／面積

1K／27.8m2
契約年数
2年

更新料
1ヶ月分
完成年月
2009年03月
向き
東
階数・全部屋数

地上4階
建　30部屋

物件種別
マンション
構造
鉄骨造
損害保険
要
各室専用設備
室内洗濯置場／セパレート（バス・トイレ）／洗面（浴室別）／温水洗浄便座／ガスコンロ設置可／エアコン／インターフォン（TVモニター付)／ディンプルキー／クローゼット／フローリング／バルコニー
共同設備
オートロック／エレベータ／宅配ボックス
取引様態
媒介
","独立洗面化粧台
オートロック
温水洗浄便座
","賃料

6.2万円～6.7万円
管理費
6,000円
敷金
10万円
礼金
2ヶ月分




















","賃料

6.2万円～6.7万円
管理費
6,000円
敷金
10万円
礼金
2ヶ月分
"
"99","


ドムスカワラマチ
ドムス河原町","所在地
〒602-0862　京都府京都市上京区出水町275
最寄り駅

京阪本線「神宮丸太町」駅 徒歩7分
京都市営烏丸線「丸太町」駅 徒歩14分
間取り／面積

1K／19m2／7帖
契約年数
2年

更新料
なし
完成年月
1990年04月
向き
東
階数・全部屋数

地上5階
建　22部屋

物件種別
マンション
構造
鉄骨造
損害保険
要
各室専用設備
シャワー／室内洗濯置場／ユニットバス   ／専用台所／ガスコンロ設置可／エアコン／クローゼット／フローリング
共同設備
オートロック／駐輪場／インターネット対応
設備備考
給湯（ガス）／照明／電気／天然ガス／排水（公共下水）／専用トイレ（水洗）
取引様態
媒介
","京阪神宮丸太町徒歩3分
更新料ナシ
オートロック
","賃料

4.3万円
管理費
6,000円
敷金
2万円
礼金
なし




















","賃料

4.3万円
管理費
6,000円
敷金
2万円
礼金
なし
"
"100","


フラッティセンボンカミダチウリ
フラッティ千本上立売","所在地
〒602-8488　京都府京都市上京区真倉町
最寄り駅

京都市営烏丸線「今出川」駅 自転車7分(約1.7km)
京都市営烏丸線「鞍馬口」駅 自転車8分(約1.9km)
京福電気鉄道北野線「北野白梅町」駅 自転車7分(約1.7km)
間取り／面積

1K／22.8m2／8帖
契約年数
1年

更新料
1ヶ月分
完成年月
2009年11月
向き
東
階数・全部屋数

地上3階
建　14部屋

物件種別
マンション
構造
鉄骨造
損害保険
要
各室専用設備
シャワー／室内洗濯置場／温水洗浄便座／浴室乾燥機／浴室テレビ／ガスキッチン２口／エアコン／オートロック（指紋認証キー）／クローゼット／フローリング／バルコニー
共同設備
オートロック／宅配ボックス／駐輪場／駐車場 ／BSアンテナ／インターネット対応（無料）
設備備考
給湯（ガス）／冷房／暖房／電気／都市ガス／水道（公営）／排水（公共下水）／専用トイレ（水洗）／セキュリティ
取引様態
媒介
","ネット無料
2口ガスキッチン
宅配BOX
","賃料

5.6万円
管理費
6,000円
敷金
なし
礼金
10万円




















","賃料

5.6万円
管理費
6,000円
敷金
なし
礼金
10万円
"
"101","


グレースマツモト
グレース・マツモト","所在地
〒603-8143　京都府京都市北区小山上総町8丁目
最寄り駅

京都市営烏丸線「北大路」駅 徒歩3分
京都市営烏丸線「北山」駅 自転車7分(約1.7km)
京都市営烏丸線「鞍馬口」駅 徒歩10分
間取り／面積

1K／18m2／7.1帖
契約年数
2年

更新料
1ヶ月分
完成年月
1998年01月
向き
西
階数・全部屋数

地上6階
建　9部屋

物件種別
マンション
構造
鉄筋コンクリート造
損害保険
要
各室専用設備
ユニットバス   ／電化キッチン（IH）／エアコン／インターフォン（TVモニター付)／フローリング
共同設備
エレベータ／駐車場 
取引様態
媒介
","カードキー
モニター付インターフォン
エレベーター
","賃料

4.5万円～4.7万円
管理費
5,500円
敷金
なし
礼金
1ヶ月分









間取図










","賃料

4.5万円～4.7万円
管理費
5,500円
敷金
なし
礼金
1ヶ月分
"
"102","


グリーンヒルキタオオジ
グリーンヒル北大路","所在地
〒603-8161　京都府京都市北区小山北大野町
最寄り駅

京都市営烏丸線「北大路」駅 徒歩7分
間取り／面積

1K／22.7m2～26m2／7帖
契約年数
2年

更新料
なし
完成年月
1993年03月
向き
東、
階数・全部屋数

地上4階
建　15部屋

物件種別
マンション
構造
鉄筋コンクリート造
損害保険
要
各室専用設備
室内洗濯置場／セパレート（バス・トイレ）／エアコン／クローゼット／バルコニー
共同設備
オートロック／駐輪場／BSアンテナ／電話設置可
取引様態
媒介
","北大路ビブレ徒歩圏内
日当良好
大谷大徒歩圏内
","賃料

5万円
管理費
2,500円
敷金
5万円
礼金
1ヶ月分




















","賃料

5万円
管理費
2,500円
敷金
5万円
礼金
1ヶ月分
"
"103","


レジデンスキタオオジ
レジデンス北大路","所在地
〒603-8162　京都府京都市北区小山東大野町
最寄り駅

京都市営烏丸線「北大路」駅 徒歩4分
京都市営烏丸線「鞍馬口」駅 徒歩12分
京都市営烏丸線「北山」駅 自転車7分(約1.7km)
間取り／面積

1K／21m2／7帖
契約年数
2年

更新料
1ヶ月分
完成年月
1999年02月
向き
北西
階数・全部屋数

地上4階
建　15部屋

物件種別
マンション
構造
軽量気泡コンクリート造
損害保険
要
各室専用設備
室内洗濯置場／セパレート（バス・トイレ）／ガスコンロ設置可／エアコン／クローゼット／フローリング
共同設備
オートロック／駐輪場／インターネット対応（無料）
設備備考
電気／都市ガス／水道（公営）／排水（公共下水）／専用トイレ（水洗）／洗面（浴室と一緒）
取引様態
媒介
","交通便利
オートロック
バス・トイレ別
","賃料

5.2万円～5.3万円
管理費
6,000円
敷金
なし
礼金
8万円









間取図










","賃料

5.2万円～5.3万円
管理費
6,000円
敷金
なし
礼金
8万円
"
"104","


アメージンググレース
アメージンググレイス","所在地
〒603-8161　京都府京都市北区小山北大野町
最寄り駅

京都市営烏丸線「北大路」駅 徒歩6分
京都市営烏丸線「鞍馬口」駅 徒歩13分
間取り／面積

1K／20.9m2／7.3帖
契約年数
2年

更新料
1ヶ月分
完成年月
1998年03月
向き
北
階数・全部屋数

地上4階
建　18部屋

物件種別
マンション
構造
鉄骨鉄筋コンクリート造
損害保険
要
各室専用設備
シャワー／室内洗濯置場／セパレート（バス・トイレ）／システムキッチン／専用台所／IHコンロ／エアコン／インターフォン／クローゼット／シューズケース／フローリング／居室仕切ドア
共同設備
オートロック／エレベータ／駐輪場／BSアンテナ／CATV／テレビ／インターネット対応
設備備考
コンビニ近い／給湯（ガス）／冷房／暖房／電気／水道（公営）／排水（公共下水）／専用トイレ（水洗）／セキュリティ
取引様態
媒介
","オートロック
セパレート
室内洗濯機置場
","賃料

4.9万円～5万円
管理費
6,000円
敷金
なし
礼金
5万円


















","賃料

4.9万円～5万円
管理費
6,000円
敷金
なし
礼金
5万円
"
"105","


コーポ　キタノ
コーポ・キタノ","所在地
〒606-0917　京都府京都市左京区松ケ崎堂ノ上町10丁目
最寄り駅

京都市営烏丸線「松ヶ崎」駅 徒歩8分
叡山電鉄叡山本線「一乗寺」駅 自転車7分(約1.6km)
京都市営烏丸線「北山」駅 徒歩18分
間取り／面積

1K／25.2m2／10帖
契約年数
2年

更新料
なし
完成年月
1993年03月
向き
南
階数・全部屋数

地上2階
建　12部屋

物件種別
アパート
構造
木造
損害保険
要
各室専用設備
室内洗濯置場／セパレート（バス・トイレ）／ガスコンロ設置可／エアコン／インターフォン（TVモニター付)／クローゼット
共同設備
防犯カメラシステム
取引様態
媒介
","室内洗濯機置場あり
居室は広々8帖
大型バイク駐輪可
","賃料

4.8万円
管理費
3,000円
敷金
5万円
礼金
5万円









間取図










","賃料

4.8万円
管理費
3,000円
敷金
5万円
礼金
5万円
"
"106","


シャーリアキタヤマ
Sharia Kitayama","所在地
〒606-0965　京都府京都市左京区松ケ崎横縄手町
最寄り駅

京都市営烏丸線「松ヶ崎」駅 徒歩4分
間取り／面積

1K／23m2／8帖～10帖
契約年数
2年

更新料
なし
完成年月
2000年03月
向き
南
階数・全部屋数

地上2階
建　16部屋

物件種別
アパート
構造
木造
損害保険
要
各室専用設備
室内洗濯置場／セパレート（バス・トイレ）／ガスコンロ／エアコン／クローゼット／フローリング／バルコニー
共同設備
オートロック／駐輪場／駐車場 ／BSアンテナ／CSアンテナ／インターネット対応
設備備考
給湯（ガス）／電気
取引様態
媒介
","広々居室
駅徒歩4分
閑静な住宅街
","賃料

4.9万円～5.2万円
共益費
4,000円
敷金
2ヶ月分～3ヶ月分
礼金
2ヶ月分～3ヶ月分




















","賃料

4.9万円～5.2万円
共益費
4,000円
敷金
2ヶ月分～3ヶ月分
礼金
2ヶ月分～3ヶ月分
"
"107","


パインカン
PINE館","所在地
〒606-0905　京都府京都市左京区松ケ崎杉ケ海道町
最寄り駅

京都市営烏丸線「松ヶ崎」駅 徒歩10分
叡山電鉄叡山本線「修学院」駅 徒歩15分
叡山電鉄叡山本線「一乗寺」駅 徒歩16分
間取り／面積

1K／27.7m2／9帖
契約年数
2年

更新料
なし
完成年月
2014年04月
向き
南
階数・全部屋数

地上4階
建　26部屋

物件種別
マンション
構造
鉄骨造
損害保険
要
各室専用設備
シャワー／室内洗濯置場／セパレート（バス・トイレ）／温水洗浄便座／ガスコンロ設置可／エアコン／床暖房／インターフォン（TVモニター付)／ディンプルキー／ウォークインクローゼット／フローリング／居室仕切ドア
共同設備
オートロック／駐輪場／光ケーブル／インターネット対応
取引様態
媒介
","独立洗面化粧台
室内洗濯機置場
モニター付インターフォン
","賃料

6.1万円～6.2万円
管理費
6,000円
敷金
10万円
礼金
2ヶ月分









間取図










","賃料

6.1万円～6.2万円
管理費
6,000円
敷金
10万円
礼金
2ヶ月分
"
"108","


グランツロクジュウニ
グランツ62","所在地
〒606-0916　京都府京都市左京区松ケ崎三反長町
最寄り駅

京都市営烏丸線「松ヶ崎」駅 徒歩6分
京都市営烏丸線「北山」駅 徒歩17分
叡山電鉄叡山本線「一乗寺」駅 自転車7分(約1.7km)
間取り／面積

1K／22m2／7.3帖
契約年数
2年

更新料
なし
完成年月
2001年03月
向き
西
階数・全部屋数

地上2階
建　8部屋

物件種別
マンション
構造
鉄筋コンクリート造
損害保険
要
各室専用設備
室内洗濯置場／セパレート（バス・トイレ）／電化キッチン（IH）／エアコン／クローゼット／フローリング／ロフト／バルコニー／居室仕切ドア
共同設備
オートロック／駐輪場／インターネット対応
取引様態
媒介
","工繊大生オススメ
温水洗浄便座
オール電化
","賃料

4.5万円～5.2万円
管理費
5,000円
敷金
なし
礼金
5万円









間取図










","賃料

4.5万円～5.2万円
管理費
5,000円
敷金
なし
礼金
5万円
"
"109","


ルミエールマツガサキ
ルミエール松ヶ崎","所在地
〒606-0961　京都府京都市左京区松ケ崎久土町
最寄り駅

京都市営烏丸線「松ヶ崎」駅 徒歩11分
叡山電鉄叡山本線「一乗寺」駅 徒歩15分
叡山電鉄叡山本線「修学院」駅 徒歩15分
間取り／面積

1K／22.5m2／8帖
契約年数
4年

更新料
なし
完成年月
1997年11月
向き
西
階数・全部屋数

地上2階
建　26部屋

物件種別
アパート
構造
鉄骨造
損害保険
要
各室専用設備
室内洗濯置場／セパレート（バス・トイレ）／ガスコンロ／エアコン／インターフォン（TVモニター付)／クローゼット／フローリング／バルコニー
共同設備
駐輪場
取引様態
媒介
","室内洗濯機置場
モニター付インターフォン
駐輪場
","賃料

4.5万円
管理費
3,000円
敷金
5万円
礼金
5万円









間取図










","賃料

4.5万円
管理費
3,000円
敷金
5万円
礼金
5万円
"
"110","


ミッシングエヌエム
ミッシングN.M","所在地
〒606-0952　京都府京都市左京区松ケ崎木ノ本町
最寄り駅

京都市営烏丸線「松ヶ崎」駅 徒歩6分
叡山電鉄叡山本線「修学院」駅 徒歩14分
京都市営烏丸線「北山」駅 徒歩18分
間取り／面積

1K／23m2／7帖
契約年数
2年

更新料
1ヶ月分
完成年月
1992年11月
向き
東
階数・全部屋数

地上3階
建　11部屋

物件種別
マンション
構造
鉄骨造
損害保険
要
各室専用設備
室内洗濯置場／セパレート（バス・トイレ）／ガスコンロ設置可／エアコン／インターフォン（TVモニター付)／クローゼット／シューズケース／フローリング／バルコニー
共同設備
駐輪場／BSアンテナ
取引様態
媒介
","採光よし
光ネット
2口ガスコンロ持込可
","賃料

4.8万円
管理費
4,000円
敷金
なし
礼金
なし









間取図










","賃料

4.8万円
管理費
4,000円
敷金
なし
礼金
なし
"
"111","


ヴィラスモールパイン
ヴィラ・スモールパイン","所在地
〒606-0911　京都府京都市左京区松ケ崎泉川町
最寄り駅

京都市営烏丸線「松ヶ崎」駅 徒歩8分
京都市営烏丸線「北山」駅 徒歩19分
叡山電鉄叡山本線「一乗寺」駅 徒歩19分
間取り／面積

1R／17m2／6帖
契約年数
2年

更新料
なし
完成年月
1990年03月
向き
東
階数・全部屋数

地上2階
建　12部屋

物件種別
アパート
構造
鉄骨造
損害保険
要
各室専用設備
室内洗濯置場／ユニットバス／ガスコンロ設置可／エアコン／クローゼット／フローリング／バルコニー
共同設備
駐輪場／インターネット対応（無料）
取引様態
媒介
","2口ガスコンロ持込可
ユニットバス
エアコン
","賃料

3.7万円
管理費
3,000円
敷金
6万円
礼金
2万円









間取図










","賃料

3.7万円
管理費
3,000円
敷金
6万円
礼金
2万円
"
"112","


ピラーズキタヤマ
ピラーズ北山","所在地
〒606-0952　京都府京都市左京区松ケ崎木ノ本町
最寄り駅

京都市営烏丸線「松ヶ崎」駅 徒歩8分
叡山電鉄叡山本線「修学院」駅 徒歩13分
叡山電鉄叡山本線「一乗寺」駅 徒歩17分
間取り／面積

1K／18.4m2／6.5帖
契約年数
2年

更新料
なし
完成年月
1996年05月
向き
北
階数・全部屋数

地上3階
建　44部屋

物件種別
マンション
構造
鉄筋コンクリート造
損害保険
要
各室専用設備
室内洗濯置場／セパレート（バス・トイレ）／ガスコンロ／エアコン／インターフォン（TVモニター付)／フローリング／バルコニー／居室仕切ドア
共同設備
駐輪場／バイク置場
取引様態
媒介
","セパレート
モニター付インターフォン
室内洗濯機置場
","賃料

4.5万円～4.7万円
共益費
4,000円
敷金
5万円
礼金
なし
設備維持費
2,000円









間取図










","賃料

4.5万円～4.7万円
共益費
4,000円
敷金
5万円
礼金
なし
設備維持費
2,000円
"
"113","


クレールヴィルロクノツボ
クレールヴィル六ノ坪","所在地
〒606-0915　京都府京都市左京区松ケ崎六ノ坪町
最寄り駅

京都市営烏丸線「松ヶ崎」駅 徒歩4分
京都市営烏丸線「北山」駅 徒歩15分
叡山電鉄叡山本線「修学院」駅 徒歩16分
間取り／面積

1K／29.8m2／8帖
契約年数
2年

更新料
1ヶ月分
完成年月
2002年09月
向き
南
階数・全部屋数

地上2階
建　16部屋

物件種別
アパート
構造
木造
損害保険
要
各室専用設備
室内洗濯置場／セパレート（バス・トイレ）／ガスコンロ設置可／エアコン／インターフォン（TVモニター付)／クローゼット／シューズケース／フローリング／バルコニー／居室仕切ドア
取引様態
媒介
","室内洗濯機置場
モニター付インターフォン
広い居室
","賃料

5.1万円
管理費
3,000円
敷金
1ヶ月分
礼金
なし









間取図










","賃料

5.1万円
管理費
3,000円
敷金
1ヶ月分
礼金
なし
"
"114","


クラマダソウ
くらまだ荘","所在地
〒606-0956　京都府京都市左京区松ケ崎鞍馬田町
最寄り駅

京都市営烏丸線「松ヶ崎」駅 徒歩8分
叡山電鉄叡山本線「修学院」駅 徒歩11分
叡山電鉄叡山本線「一乗寺」駅 徒歩17分
間取り／面積

1K／19.6m2／7.7帖
契約年数
2年

更新料
なし
完成年月
1993年01月
向き
東
階数・全部屋数

地上3階
建　21部屋

物件種別
マンション
構造
鉄筋コンクリート造
損害保険
要
各室専用設備
セパレート（バス・トイレ）／ユニットバス   ／室外洗濯機置場／IHコンロ／エアコン／クローゼット／フローリング／バルコニー／居室仕切ドア
共同設備
オートロック／駐輪場
設備備考
コンビニ近い
取引様態
媒介
","セパレートタイプあり
モニター付インターフォン
オートロック
","賃料

4万円～6.4万円
ユニットバス（一部セパレート）
敷金
なし
礼金
1ヶ月分









間取図










","賃料

4万円～6.4万円
ユニットバス（一部セパレート）
敷金
なし
礼金
1ヶ月分
"
"115","


フルールキタヤマ
ふるーる北山","所在地
〒606-0914　京都府京都市左京区松ケ崎今海道町6丁目
最寄り駅

京都市営バス「松ヶ崎今海道町」停徒歩4分
京都市営烏丸線「松ヶ崎」駅 徒歩3分
京都市営烏丸線「北山」駅 徒歩12分
叡山電鉄叡山本線「修学院」駅 徒歩19分
間取り／面積

1K／25.3m2／11帖
契約年数
2年

更新料
1ヶ月分
完成年月
1994年10月
向き
南、北
階数・全部屋数

地上5階
建　14部屋

物件種別
マンション
構造
鉄筋コンクリート造
損害保険
要
各室専用設備
室内洗濯置場／セパレート（バス・トイレ）／エアコン／デジタルカードキー／クローゼット／シューズケース／フローリング／バルコニー／居室仕切ドア
共同設備
オートロック／エレベータ／駐輪場／BSアンテナ／インターネット対応（無料）
設備備考
コンビニ近い／給湯（ガス）
取引様態
媒介
","駅徒歩1分
2面採光
京都工芸繊維大徒歩圏内
","賃料

4.9万円～5.9万円
管理費
5,000円
敷金
なし
礼金
5.9万円




















","賃料

4.9万円～5.9万円
管理費
5,000円
敷金
なし
礼金
5.9万円
"
"116","


グランシャリオキタヤマ
グランシャリオ北山","所在地
〒606-0914　京都府京都市左京区松ケ崎今海道町
最寄り駅

京都市営烏丸線「松ヶ崎」駅 徒歩3分
叡山電鉄叡山本線「修学院」駅 徒歩19分
京都市営烏丸線「北山」駅 徒歩12分
間取り／面積

1K／25.7m2／7.7帖
契約年数
2年

更新料
なし
完成年月
2005年01月
向き
南
階数・全部屋数

地上5階
建　15部屋

物件種別
マンション
構造
鉄筋コンクリート造
損害保険
要
各室専用設備
室内洗濯置場／セパレート（バス・トイレ）／電化キッチン（IH）／エアコン／インターフォン（TVモニター付)／クローゼット／フローリング／バルコニー／居室仕切ドア
共同設備
オートロック／エレベータ／駐輪場／インターネット対応（無料）
取引様態
媒介
","独立洗面化粧台
「松ヶ崎」駅徒歩2分
ローソン徒歩3分
","賃料

5.9万円
管理費
5,500円
敷金
1ヶ月分
礼金
1ヶ月分









間取図










","賃料

5.9万円
管理費
5,500円
敷金
1ヶ月分
礼金
1ヶ月分
"
"117","


ハイツノジマ
ハイツノジマ","所在地
〒606-0856　京都府京都市左京区下鴨塚本町
最寄り駅

京都市営烏丸線「松ヶ崎」駅 徒歩12分
京都市営烏丸線「北山」駅 徒歩19分
叡山電鉄叡山本線「一乗寺」駅 自転車7分(約1.6km)
間取り／面積

1K／20m2／7帖
契約年数
2年

更新料
なし
完成年月
1989年03月
向き
南
階数・全部屋数

地上2階
建　6部屋

物件種別
アパート
構造
鉄骨造
損害保険
要
各室専用設備
ユニットバス   ／室外洗濯機置場／ガスコンロ設置可／エアコン／クローゼット／フローリング／バルコニー
共同設備
コインランドリー／光ケーブル
取引様態
媒介
","洗濯機置場
エアコン
駐輪場
","賃料

3.7万円
管理費
4,500円
敷金
5万円
礼金
なし









間取図










","賃料

3.7万円
管理費
4,500円
敷金
5万円
礼金
なし
"
"118","


シンザンソウ
新山荘","所在地
〒606-0967　京都府京都市左京区松ケ崎小竹薮町
最寄り駅

叡山電鉄叡山本線「修学院」駅 徒歩10分
叡山電鉄叡山本線「一乗寺」駅 徒歩11分
京都市営烏丸線「松ヶ崎」駅 徒歩14分
間取り／面積

1K／15m2／6帖
契約年数
2年

更新料
なし
完成年月
1980年02月
向き
南東
階数・全部屋数

地上3階
建　23部屋

物件種別
マンション
構造
鉄筋コンクリート造
損害保険
要
各室専用設備
室内洗濯置場／ユニットバス／ガスコンロ設置可／エアコン／クローゼット／フローリング／バルコニー
共同設備
防犯カメラ／駐輪場／バイク置場／インターネット対応（無料）
取引様態
媒介
","室内洗濯機置場
ガスコンロ持込可
エアコン
","賃料

3.1万円～3.2万円
管理費
3,000円
敷金
5万円
礼金
なし









間取図










","賃料

3.1万円～3.2万円
管理費
3,000円
敷金
5万円
礼金
なし
"
"119","


サンクシャンブル
サンクシャンブル","所在地
〒606-0853　京都府京都市左京区下鴨岸本町23-1
最寄り駅

京都市営烏丸線「松ヶ崎」駅 徒歩13分
京都市営烏丸線「北山」駅 徒歩16分
叡山電鉄叡山本線「一乗寺」駅 自転車8分(約1.8km)
間取り／面積

1R／20m2／6帖
契約年数
2年

更新料
なし
完成年月
1985年09月
向き
西
階数・全部屋数

地上2階
建　5部屋

物件種別
アパート
構造
木造
損害保険
要
各室専用設備
ユニットバス   ／室外洗濯機置場／ガスコンロ設置可／エアコン／インターフォン（TVモニター付)／クローゼット／フローリング
共同設備
オートロック／駐輪場（大型バイク可）
取引様態
媒介
","都市ガス
ユニットバス
駐輪場
","賃料

3.3万円
管理費
3,000円
敷金
1ヶ月分
礼金
なし









間取図










","賃料

3.3万円
管理費
3,000円
敷金
1ヶ月分
礼金
なし
"
"120","


フォスマットマツガサキ
フォスマット松ヶ崎","所在地
〒606-0944　京都府京都市左京区松ケ崎御所ノ内町
最寄り駅

京都市営烏丸線「松ヶ崎」駅 徒歩10分
叡山電鉄叡山本線「修学院」駅 徒歩10分
間取り／面積

1K／20.9m2／7.1帖
契約年数
2年

更新料
なし
完成年月
1999年03月
向き
北
階数・全部屋数

地上3階
建　26部屋

物件種別
マンション
構造
鉄筋コンクリート造
損害保険
要
各室専用設備
セパレート（バス・トイレ）／電化キッチン２口（RH）／エアコン／クローゼット／フローリング／バルコニー
共同設備
オートロック／インターネット対応
取引様態
媒介
","室内洗濯機置場
ネット無料
オートロック
","賃料

4.8万円～5.3万円
管理費
5,000円
敷金
7万円
礼金
5万円～8万円
衛生費
620円









間取図










","賃料

4.8万円～5.3万円
管理費
5,000円
敷金
7万円
礼金
5万円～8万円
衛生費
620円
"
"121","


エイムキタヤマ
AIM北山","所在地
〒606-0955　京都府京都市左京区松ケ崎雲路町17丁目
最寄り駅

京都市営烏丸線「松ヶ崎」駅 徒歩8分
叡山電鉄叡山本線「修学院」駅 徒歩6分
間取り／面積

1K／25m2～27m2／8.5帖～11帖
契約年数
2年

更新料
1ヶ月分
完成年月
1996年04月
向き
西
階数・全部屋数

地上4階
建　16部屋

物件種別
マンション
構造
鉄骨鉄筋コンクリート造
損害保険
要
各室専用設備
室内洗濯置場／セパレート（バス・トイレ）／洗面（浴室別）／ガスコンロ／エアコン／クローゼット／シューズケース／フローリング／バルコニー／居室仕切ドア
共同設備
オートロック／エレベータ／駐輪場／駐輪場（大型バイク可）／インターネット対応
取引様態
媒介
","広々キッチン
買物便利
日当良好
","賃料

5.1万円～5.6万円
管理費
6,000円
敷金
なし
礼金
1ヶ月分









間取図










","賃料

5.1万円～5.6万円
管理費
6,000円
敷金
なし
礼金
1ヶ月分
"
"122","


アッツシモガモ
アッツ下鴨","所在地
〒606-0864　京都府京都市左京区下鴨高木町27番地
最寄り駅

京都市営烏丸線「松ヶ崎」駅 徒歩13分
京都市営烏丸線「北山」駅 自転車7分(約1.7km)
叡山電鉄叡山本線「茶山」駅 徒歩17分
間取り／面積

1K／25.6m2／9帖
契約年数
2年

更新料
0.5ヶ月分
完成年月
2016年03月
向き
南
階数・全部屋数

地上4階
建　11部屋

物件種別
マンション
構造
鉄骨造
損害保険
要
各室専用設備
室内洗濯置場／セパレート（バス・トイレ）／温水洗浄便座／電化キッチン２口（IH）／エアコン／ペアガラス／クローゼット／フローリング／バルコニー／居室仕切ドア
共同設備
オートロック／駐輪場(原付まで)／BSアンテナ／インターネット対応（無料）
設備備考
コンビニ近い
取引様態
媒介
","洗髪洗面化粧台
温水洗浄便座
2口コンロ
","賃料

6.2万円
管理費
5,300円
敷金
7万円
礼金
13万円









間取図










","賃料

6.2万円
管理費
5,300円
敷金
7万円
礼金
13万円
"
"123","


ドーレ
ドーレ","所在地
〒606-8105　京都府京都市左京区高野上竹屋町
最寄り駅

叡山電鉄叡山本線「一乗寺」駅 徒歩9分
叡山電鉄叡山本線「茶山」駅 徒歩12分
京都市営烏丸線「松ヶ崎」駅 徒歩19分
間取り／面積

1R／18m2／6帖
契約年数
2年

更新料
なし
完成年月
1995年03月
向き
南
階数・全部屋数

地上3階
建　0部屋

物件種別
マンション
構造
鉄骨造
損害保険
要
各室専用設備
ユニットバス／電化キッチン（RH）／エアコン／クローゼット／フローリング／バルコニー
共同設備
駐輪場
取引様態
媒介
","クローゼット
エアコン
ユニットバス
","賃料

3.9万円～4万円
管理費
3,000円
敷金
1ヶ月分
礼金
なし









間取図










","賃料

3.9万円～4万円
管理費
3,000円
敷金
1ヶ月分
礼金
なし
"
"124","


シェモアツー
シェモアⅡ","所在地
〒606-0864　京都府京都市左京区下鴨高木町
最寄り駅

京都市営烏丸線「松ヶ崎」駅 徒歩14分
叡山電鉄叡山本線「茶山」駅 徒歩17分
叡山電鉄叡山本線「一乗寺」駅 徒歩17分
間取り／面積

1R／19.8m2／7.5帖
契約年数
2年

更新料
なし
完成年月
1995年09月
向き
南
階数・全部屋数

地上5階
建　9部屋

物件種別
マンション
構造
軽量気泡コンクリート造
損害保険
要
各室専用設備
セパレート（バス・トイレ）／電気コンロ／エアコン／フローリング／バルコニー／角部屋
共同設備
駐輪場
設備備考
オール電化
取引様態
媒介
","オール電化
広々居室
生活便利
","賃料

4.5万円
管理費
5,000円
敷金
5万円
礼金
なし




















","賃料

4.5万円
管理費
5,000円
敷金
5万円
礼金
なし
"
"125","


サンクスパレタカノ
サンクスパレ高野","所在地
〒606-8104　京都府京都市左京区高野竹屋町
最寄り駅

叡山電鉄叡山本線「一乗寺」駅 徒歩9分
間取り／面積

1K／26.4m2／8.3帖
契約年数
2年

更新料
1ヶ月分
完成年月
2015年03月
向き
北西
階数・全部屋数

地上4階
建　0部屋

物件種別
マンション
構造
鉄筋コンクリート造
損害保険
要
各室専用設備
洗面（浴室別）／温水洗浄便座／浴室乾燥機／システムキッチン／IHコンロ／エアコン／ウォークインクローゼット
共同設備
オートロック／駐輪場
取引様態
媒介
","広々としたクローゼット
独立洗面台付きです
浴室乾燥機付きで洗濯も快適
","賃料

5.9万円～6.1万円
管理費
5,000円
敷金
5万円
礼金
なし


















","賃料

5.9万円～6.1万円
管理費
5,000円
敷金
5万円
礼金
なし
"
"126","


エルムマツガサキ
エルム松ヶ崎","所在地
〒606-0944　京都府京都市左京区松ケ崎御所ノ内町
最寄り駅

京都市営烏丸線「松ヶ崎」駅 徒歩12分
叡山電鉄叡山本線「修学院」駅 徒歩10分
間取り／面積

1K／27.5m2／10帖
契約年数
2年

更新料
1ヶ月分
完成年月
1993年04月
向き
南
階数・全部屋数

地上2階
建　20部屋

物件種別
マンション
構造
鉄筋コンクリート造
損害保険
要
各室専用設備
室内洗濯置場／セパレート（バス・トイレ）／電化キッチン（IH）／エアコン／インターフォン／クローゼット／シューズケース／吊棚／フローリング／バルコニー
共同設備
オートロック／インターネット対応
取引様態
媒介
","オートロック
収納豊富
買物便利
","賃料

5.1万円
管理費
5,000円
敷金
3万円
礼金
5万円
設備維持費
0円～2,200円




















","賃料

5.1万円
管理費
5,000円
敷金
3万円
礼金
5万円
設備維持費
0円～2,200円
"
"127","


スズランハイツ
スズランハイツ","所在地
〒606-0865　京都府京都市左京区下鴨東高木町
最寄り駅

叡山電鉄叡山本線「茶山」駅 徒歩15分
叡山電鉄叡山本線「一乗寺」駅 徒歩15分
京都市営烏丸線「松ヶ崎」駅 徒歩15分
間取り／面積

1R／17.5m2／6.7帖
契約年数
2年

更新料
なし
完成年月
1968年10月
向き
西
階数・全部屋数

地上2階
建　4部屋

物件種別
アパート
構造
木造
損害保険
要
各室専用設備
室内洗濯置場／ユニットバス／ガスコンロ／エアコン／クローゼット／フローリング
共同設備
駐輪場／インターネット対応（無料）
取引様態
媒介
","ガスキッチン
エアコン
フローリング
","賃料

3.8万円～3.9万円
管理費
7,000円
敷金
1ヶ月分
礼金
なし









間取図










","賃料

3.8万円～3.9万円
管理費
7,000円
敷金
1ヶ月分
礼金
なし
"
"128","


ヴィラリモージュ
ヴィラリモージュ","所在地
〒606-8185　京都府京都市左京区一乗寺高槻町
最寄り駅

叡山電鉄叡山本線「一乗寺」駅 徒歩5分
京都市営烏丸線「松ヶ崎」駅 自転車8分(約1.8km)
間取り／面積

1K／17.5m2／9.2帖
契約年数
2年

更新料
1ヶ月分
完成年月
1983年03月
向き
北西
階数・全部屋数

地上3階
建　0部屋

物件種別
マンション
構造
鉄筋コンクリート造
損害保険
要
各室専用設備
室外洗濯機置場／ガスコンロ設置可／エアコン／クローゼット／フローリング
共同設備
コインランドリー／駐輪場
設備備考
コンビニ近い
取引様態
媒介
","最寄駅徒歩５分
インターネット無料
共用コインランドリーあり
","賃料

3.4万円～3.5万円
管理費
4,000円
敷金
なし
礼金
なし




















","賃料

3.4万円～3.5万円
管理費
4,000円
敷金
なし
礼金
なし
"
"129","


メリーハウスシモガモ
MARRY HOUSE下鴨","所在地
〒606-0831　京都府京都市左京区下鴨北園町30-3
最寄り駅

京都市営烏丸線「北山」駅 徒歩11分
京都市営烏丸線「松ヶ崎」駅 徒歩13分
京都市営烏丸線「北大路」駅 徒歩19分
間取り／面積

1K／28.8m2／7.4帖
契約年数
2年

更新料
なし
完成年月
2011年08月
向き
西
階数・全部屋数

地上2階
建　2部屋

物件種別
アパート
構造
軽量気泡コンクリート造
損害保険
要
各室専用設備
室内洗濯置場／独立洗面化粧台／セパレート（バス・トイレ）／ガスキッチン２口／エアコン／クローゼット／フローリング／ロフト／居室仕切ドア
共同設備
駐輪場(原付まで)
取引様態
媒介
","セパレート
独立洗面化粧台
2口ガスキッチン
","賃料

6.5万円
管理費
3,000円
敷金
6万円
礼金
15万円









間取図










","賃料

6.5万円
管理費
3,000円
敷金
6万円
礼金
15万円
"
"130","


フォレスト
フォレスト","所在地
〒606-8182　京都府京都市左京区一乗寺赤ノ宮町27
最寄り駅

叡山電鉄叡山本線「一乗寺」駅 徒歩6分
叡山電鉄叡山本線「修学院」駅 徒歩14分
叡山電鉄叡山本線「茶山」駅 徒歩10分
間取り／面積

1K／21m2～21.8m2／7帖～11帖
契約年数
2020年3月

更新料
なし
完成年月
1989年09月
向き
東
階数・全部屋数

地上4階
建　15部屋

物件種別
マンション
構造
鉄筋コンクリート造
損害保険
要
各室専用設備
室内洗濯置場／ガスコンロ設置可／エアコン／クローゼット／フローリング／バルコニー
共同設備
オートロック／防犯カメラ／駐輪場／BSアンテナ／CSアンテナ／インターネット対応（無料）
取引様態
媒介
","バス停徒歩1分
スーパー・コンビニ徒歩4分以内
ショッピングモール徒歩10分
","賃料

3.8万円～4.3万円
管理費
6,000円
敷金
5万円～8万円
礼金
なし









間取図










","賃料

3.8万円～4.3万円
管理費
6,000円
敷金
5万円～8万円
礼金
なし
"
"131","


パルデンスタカノ
パルデンス高野","所在地
〒606-8111　京都府京都市左京区高野泉町
最寄り駅

叡山電鉄叡山本線「修学院」駅 徒歩7分
京都市営烏丸線「松ヶ崎」駅 徒歩18分
間取り／面積

1K／23m2／8帖
契約年数
2年

更新料
なし
完成年月
2000年02月
向き
西
階数・全部屋数

地上3階
建　0部屋

物件種別
マンション
構造
鉄筋コンクリート造
損害保険
要
各室専用設備
室内洗濯置場／セパレート（バス・トイレ）／システムキッチン／電化キッチン（IH）／エアコン／フローリング／バルコニー
共同設備
駐輪場
設備備考
オール電化
取引様態
媒介
","オール電化
IHキッチン
室内洗濯機置場
","賃料

5万円
管理費
4,000円
敷金
1ヶ月分
礼金
1ヶ月分




















","賃料

5万円
管理費
4,000円
敷金
1ヶ月分
礼金
1ヶ月分
"
"132","


パラッツォ　ディ　ラッティ
Palazzo di Ratti","所在地
〒606-0942　京都府京都市左京区松ケ崎樋ノ上町２４
最寄り駅

京都市営烏丸線「松ヶ崎」駅 徒歩14分
叡山電鉄叡山本線「修学院」駅 徒歩6分
叡山電鉄叡山本線「一乗寺」駅 徒歩17分
間取り／面積

1DK／24.7m2／12.5帖
契約年数
2年

更新料
なし
完成年月
2004年03月
向き
南
階数・全部屋数

地上2階
建　18部屋

物件種別
マンション
構造
鉄筋コンクリート造
損害保険
要
各室専用設備
シャワー／室内洗濯置場／セパレート（バス・トイレ）／ガスキッチン２口／エアコン／クローゼット／フローリング／居室仕切ドア
共同設備
駐輪場(原付まで)／BSアンテナ／インターネット対応
設備備考
給湯（ガス）／電気／水道（公営）／排水（公共下水）／専用トイレ（水洗）／洗面（浴室と一緒）
取引様態
媒介
","セパレート
室内洗濯機置場
2口ガスキッチン
","賃料

5.7万円～7.5万円
管理費
5,000円
敷金
1ヶ月分
礼金
10万円









間取図










","賃料

5.7万円～7.5万円
管理費
5,000円
敷金
1ヶ月分
礼金
10万円
"
"133","


ドルスキタヤマ
ドルス北山","所在地
〒606-0847　京都府京都市左京区下鴨南野々神町1丁目
最寄り駅

京都市営烏丸線「北山」駅 徒歩3分
京都市営烏丸線「松ヶ崎」駅 徒歩9分
京都市営烏丸線「北大路」駅 自転車8分(約1.8km)
間取り／面積

1K／24.4m2／8帖
契約年数
2年

更新料
なし
完成年月
2000年12月
向き
南
階数・全部屋数

地上7階
/地下1階
建　30部屋

物件種別
マンション
構造
鉄筋コンクリート造
損害保険
要
各室専用設備
室内洗濯置場／セパレート（バス・トイレ）／洗面（浴室別）／ガスコンロ／エアコン／クローゼット／フローリング
共同設備
オートロック／エレベータ／駐輪場／バイク置場／BSアンテナ／CSアンテナ
取引様態
媒介
","室内洗濯機置場
システムキッチン
エアコン
","賃料

5.7万円～6.2万円
管理費
6,000円
敷金
8万円
礼金
10万円









間取図










","賃料

5.7万円～6.2万円
管理費
6,000円
敷金
8万円
礼金
10万円
"
"134","


メゾンジョア
メゾンジョアⅡ","所在地
〒606-0933　京都府京都市左京区松ケ崎西山
最寄り駅

京都市営烏丸線「北山」駅 徒歩8分
間取り／面積

1K／23m2／10帖
契約年数
2年

更新料
なし
完成年月
1986年03月
向き
南
階数・全部屋数

地上3階
建　32部屋

物件種別
マンション
構造
鉄骨鉄筋コンクリート造
損害保険
要
各室専用設備
セパレート（バス・トイレ）／ガスコンロ設置可／クローゼット／シューズケース／フローリング／バルコニー
共同設備
オートロック／駐輪場（大型バイク可）／BSアンテナ／インターネット対応（無料）
取引様態
媒介
","閑静な住宅外
バス・トイレ別
ネット無料
","賃料

3.7万円
管理費
5,000円
敷金
2万円
礼金
なし
設備維持費
2,000円









間取図










","賃料

3.7万円
管理費
5,000円
敷金
2万円
礼金
なし
設備維持費
2,000円
"
"135","


ヴィラ　ヘイケ
VILLA HEIKE","所在地
〒606-0851　京都府京都市左京区下鴨梅ノ木町4
最寄り駅

京都市営烏丸線「北山」駅 徒歩15分
京都市営烏丸線「松ヶ崎」駅 徒歩18分
京都市営烏丸線「北大路」駅 徒歩15分
間取り／面積

1R／17m2／6帖
契約年数
2020年3月

更新料
なし
完成年月
1989年03月
向き
東
階数・全部屋数

地上2階
建　8部屋

物件種別
アパート
構造
鉄骨造
損害保険
要
各室専用設備
室内洗濯置場／ユニットバス   ／ガスコンロ設置可／エアコン／クローゼット／フローリング／バルコニー
共同設備
駐輪場(原付まで)／光ケーブル
取引様態
媒介
","2口ガスコンロ持込可
駐輪場（原付きまで）
フローリング
","賃料

3.5万円
管理費
3,000円
敷金
6万円
礼金
なし









間取図










","賃料

3.5万円
管理費
3,000円
敷金
6万円
礼金
なし
"
"136","


オークハイツ
オークハイツ","所在地
〒606-8114　京都府京都市左京区一乗寺北大丸町
最寄り駅

叡山電鉄叡山本線「一乗寺」駅 徒歩4分
叡山電鉄叡山本線「修学院」駅 徒歩10分
京都市営烏丸線「松ヶ崎」駅 自転車7分(約1.7km)
間取り／面積

2DK／48.3m2／20帖
契約年数
2年

更新料
1ヶ月分
完成年月
1992年10月
向き
南
階数・全部屋数

地上3階
建　12部屋

物件種別
マンション
構造
鉄筋コンクリート造
損害保険
要
各室専用設備
シャワー／室内洗濯置場／独立洗面化粧台／洗面（浴室別）／ガスコンロ／エアコン
共同設備
駐輪場／駐車場 
設備備考
給湯（ガス）／冷房／暖房／電気／都市ガス／水道（公営）／専用トイレ（水洗）
取引様態
媒介
","徒歩3分圏内にコンビニ多数
スーパーも近い
","賃料

7.4万円
管理費
6,000円
敷金
なし
礼金
なし




















","賃料

7.4万円
管理費
6,000円
敷金
なし
礼金
なし
"
"137","


エスポワールコンドウ
エスポワール近藤","所在地
〒606-0815　京都府京都市左京区下鴨膳部町
最寄り駅

京都市営烏丸線「北大路」駅 徒歩18分
間取り／面積

1R／22.5m2／7.5帖
契約年数
1年

更新料
5万円
完成年月
1994年03月
向き
東
階数・全部屋数

地上2階
建　17部屋

物件種別
マンション
構造
鉄筋コンクリート造
損害保険
要
各室専用設備
室内洗濯置場／セパレート（バス・トイレ）／電化キッチン（IH）／エアコン／シューズケース／フローリング／ロフト／バルコニー
共同設備
オートロック／駐輪場／BSアンテナ
設備備考
給湯（電気）
取引様態
媒介
","オートロック
セパレート
IHキッチン
","賃料

5.3万円～6.05万円
敷金
5万円
入館金
10万円
設備維持費
6,000円
備考

衛生費500円（税別）/月




















","賃料

5.3万円～6.05万円
敷金
5万円
入館金
10万円
設備維持費
6,000円
備考

衛生費500円（税別）/月
"
"138","


エスポワールコンドウ
エスポワール近藤","所在地
〒606-0815　京都府京都市左京区下鴨膳部町91丁目
最寄り駅

市バス「洛北高校前」駅徒歩3分
京都市営烏丸線「松ヶ崎」駅 徒歩19分
京都市営烏丸線「北山」駅 自転車7分(約1.6km)
京都市営烏丸線「北大路」駅 徒歩19分
間取り／面積

1K／22.5m2／7.5帖
契約年数
2年

更新料
なし
完成年月
1994年03月
向き
東
階数・全部屋数

地上2階
建　17部屋

物件種別
マンション
構造
鉄筋コンクリート造
損害保険
要
各室専用設備
室内洗濯置場／セパレート（バス・トイレ）／洗面（浴室別）／IHコンロ／電化キッチン（IH）／エアコン／クローゼット／フローリング／ロフト／バルコニー／居室仕切ドア
共同設備
オートロック／宅配ボックス／防犯カメラ／駐輪場(原付まで)／BSアンテナ／インターネット対応
設備備考
オール電化／冷房／暖房／電気／都市ガス／水道（公営）／洗面（浴室と一緒）
取引様態
媒介
","セパレート
オートロック
IHキッチン
","賃料

5.3万円～6.05万円
管理費
6,000円
敷金
5万円
礼金
10万円
設備維持費
540円









間取図










","賃料

5.3万円～6.05万円
管理費
6,000円
敷金
5万円
礼金
10万円
設備維持費
540円
"
"139","


コーポリッチ
コーポリッチ","所在地
〒606-8184　京都府京都市左京区一乗寺払殿町50-1
最寄り駅

叡山電鉄叡山本線「一乗寺」駅 徒歩1分
間取り／面積

1R／14m2／6帖～8帖
契約年数
2年

更新料
1ヶ月分
完成年月
1985年03月
向き
北、西
階数・全部屋数

地上3階
建　6部屋

物件種別
マンション
構造
軽量気泡コンクリート造
損害保険
要
各室専用設備
シャワー／ユニットバス   ／専用台所／ガスコンロ設置可／エアコン／クローゼット／バルコニー
共同設備
コインランドリー／駐輪場／インターネット対応
設備備考
電気／都市ガス／水道（公営）／排水（公共下水）／専用トイレ（水洗）
取引様態
媒介
","水道料無料
スーパー･コンビニ徒歩圏内
生活便利
","賃料

2.9万円～3.4万円
管理費
4,000円
敷金
2万円～5万円
礼金
なし




















","賃料

2.9万円～3.4万円
管理費
4,000円
敷金
2万円～5万円
礼金
なし
"
"140","


グランレブリーイチジョウジ
グランレブリー一乗寺","所在地
〒606-8117　京都府京都市左京区一乗寺里ノ前町31
最寄り駅

叡山電鉄叡山本線「一乗寺」駅 徒歩1分
間取り／面積

1K／27.1m2
契約年数
2年

更新料
1ヶ月分
完成年月
2007年03月
向き
東
階数・全部屋数

地上5階
建　28部屋

物件種別
マンション
構造
鉄骨造
損害保険
要
各室専用設備
室内洗濯置場／洗面（浴室別）／ガスキッチン２口／エアコン／インターフォン（TVモニター付)／クローゼット／フローリング／バルコニー
共同設備
オートロック／エレベータ／駐輪場
取引様態
媒介
","独立洗面化粧台
ゆとりのキッチン
温水洗浄便座
","賃料

5万円～6万円
管理費
6,000円
敷金
なし
礼金
なし




















","賃料

5万円～6万円
管理費
6,000円
敷金
なし
礼金
なし
"
"141","


タックハウスシモガモエイト
タックハウス下鴨８","所在地
〒606-0824　京都府京都市左京区下鴨東半木町8-2
最寄り駅

京都市営烏丸線「北山」駅 徒歩12分
京都市営烏丸線「北大路」駅 徒歩14分
京都市営烏丸線「松ヶ崎」駅 徒歩17分
間取り／面積

1K／20m2／6.6帖
契約年数
2年

更新料
なし
完成年月
1994年03月
向き
南
階数・全部屋数

地上2階
建　8部屋

物件種別
アパート
構造
鉄筋コンクリート造
損害保険
要
各室専用設備
室内洗濯置場／セパレート（バス・トイレ）／温水洗浄便座／エアコン／インターフォン（TVモニター付)／クローゼット／フローリング／居室仕切ドア
共同設備
オートロック／駐輪場／インターネット対応（無料）
取引様態
媒介
","室内洗濯機置場
温水洗浄便座
駐輪場（自転車のみ）
","賃料

4.6万円～5.1万円
管理費
4,000円
敷金
なし
礼金
なし









間取図










","賃料

4.6万円～5.1万円
管理費
4,000円
敷金
なし
礼金
なし
"
"142","


マ・メゾン
マ・メゾン","所在地
〒606-8117　京都府京都市左京区一乗寺里ノ前町5
最寄り駅

叡山電鉄叡山本線「一乗寺」駅 徒歩1分
間取り／面積

1K／23.1m2
契約年数
2年

更新料
1ヶ月分
完成年月
1990年03月
向き
南
階数・全部屋数

地上4階
建　36部屋

物件種別
マンション
構造
鉄筋コンクリート造
損害保険
要
各室専用設備
室内洗濯置場／セパレート（バス・トイレ）／ガスコンロ設置可／クローゼット／フローリング／バルコニー
共同設備
エレベータ／駐輪場
取引様態
媒介
","セパレート
エレベータあり
スーパー・コンビニ徒歩3分以内
","賃料

4.6万円～5万円
管理費
4,000円
敷金
5万円
礼金
5万円




















","賃料

4.6万円～5万円
管理費
4,000円
敷金
5万円
礼金
5万円
"
"143","


ガトーディエムキタヤマ
GATO D.M北山","所在地
〒606-0833　京都府京都市左京区下鴨前萩町
最寄り駅

京都市営烏丸線「北山」駅 徒歩1分
間取り／面積

1K／22.7m2～29.3m2／7帖
契約年数
2年

更新料
1万円
完成年月
2000年11月
向き
南、北
階数・全部屋数

地上7階
建　45部屋

物件種別
マンション
構造
鉄筋コンクリート造
損害保険
要
各室専用設備
室内洗濯置場／セパレート（バス・トイレ）／電化キッチン（IH）／エアコン／バルコニー
共同設備
オートロック／エレベータ／駐輪場／駐輪場（大型バイク可）／BSアンテナ／インターネット対応（無料）
取引様態
媒介
","ローソン徒歩1分
「北山」駅徒歩1分
独立洗面化粧台
","賃料

5.6万円～6万円
共益費
6,000円
敷金
1ヶ月分
礼金
1ヶ月分




















","賃料

5.6万円～6万円
共益費
6,000円
敷金
1ヶ月分
礼金
1ヶ月分
"
"144","


ミル　メゾン　ティーツー
ミル・メゾンＴ２","所在地
〒606-0942　京都府京都市左京区松ケ崎樋ノ上町
最寄り駅

叡山電鉄叡山本線「修学院」駅 徒歩7分
京都市営烏丸線「松ヶ崎」駅 徒歩17分
叡山電鉄叡山本線「一乗寺」駅 徒歩19分
間取り／面積

1K／25.2m2／7.2帖
契約年数
2年

更新料
なし
完成年月
2009年10月
向き
南
階数・全部屋数

地上2階
建　0部屋

物件種別
アパート
構造
鉄骨造
損害保険
要
各室専用設備
室内洗濯置場／独立洗面化粧台／浴室乾燥機／ガスコンロ設置可／エアコン／インターフォン（TVモニター付)／防犯シャッター／クローゼット／フローリング／居室仕切ドア
共同設備
オートロック／駐輪場／BSアンテナ
取引様態
媒介
","室内洗濯機置場
モニター付インターフォン
オートロック
","賃料

5.3万円～5.8万円
管理費
5,000円
敷金
なし
礼金
なし









間取図










","賃料

5.3万円～5.8万円
管理費
5,000円
敷金
なし
礼金
なし
"
"145","


ヴェールイチジョウジ
ヴェール一乗寺","所在地
〒606-8117　京都府京都市左京区一乗寺里ノ前町32
最寄り駅

叡山電鉄叡山本線「一乗寺」駅 徒歩1分
間取り／面積

1K／22.5m2／10帖
契約年数
2年

更新料
1ヶ月分
完成年月
1996年03月
向き
北
階数・全部屋数

地上4階
建　28部屋

物件種別
マンション
構造
鉄筋コンクリート造
損害保険
要
各室専用設備
室内洗濯置場／セパレート（バス・トイレ）／ガスコンロ／エアコン／クローゼット／フローリング／バルコニー
共同設備
オートロック／エレベータ／駐輪場／インターネット対応
取引様態
媒介
","スーパー・コンビニ徒歩2分以内
温水洗浄便座
ネット無料
","賃料

5万円～6万円
管理費
5,000円
敷金
1ヶ月分
礼金
1ヶ月分




















","賃料

5万円～6万円
管理費
5,000円
敷金
1ヶ月分
礼金
1ヶ月分
"
"146","


プロスペクトシモガモ
プロスペクト下鴨","所在地
〒606-0826　京都府京都市左京区下鴨西本町
最寄り駅

京都市営烏丸線「北山」駅 徒歩14分
京都市営烏丸線「北大路」駅 徒歩13分
京都市営烏丸線「鞍馬口」駅 自転車7分(約1.6km)
間取り／面積

1K／21.6m2／7.1帖
契約年数
2年

更新料
なし
完成年月
2006年03月
向き
北
階数・全部屋数

地上6階
建　30部屋

物件種別
マンション
構造
鉄筋コンクリート造
損害保険
要
各室専用設備
室内洗濯置場／洗面（浴室別）／温水洗浄便座／ガスコンロ／エアコン／インターフォン（TVモニター付)／ディンプルキー／クローゼット／フローリング／バルコニー／居室仕切ドア
共同設備
オートロック／エレベータ／宅配ボックス／防犯カメラ／駐輪場(原付まで)／BSアンテナ／CSアンテナ／インターネット対応
取引様態
売主/貸主
","防犯カメラ
温水洗浄便座
防犯ディンプルキー
","賃料

4.7万円～5.3万円
共益費
6,000円
敷金
1ヶ月分
礼金
なし









間取り










","賃料

4.7万円～5.3万円
共益費
6,000円
敷金
1ヶ月分
礼金
なし
"
"147","


インベストキョウトシュウガクイン
インベスト京都修学院","所在地
〒606-8004　京都府京都市左京区山端川端町5丁目
最寄り駅

叡山電鉄叡山本線「修学院」駅 徒歩2分
叡山電鉄叡山本線「一乗寺」駅 徒歩13分
京都市営烏丸線「松ヶ崎」駅 徒歩17分
間取り／面積

1K／25.5m2／8帖
契約年数
2年

更新料
なし
完成年月
2008年01月
向き
西
階数・全部屋数

地上5階
建　39部屋

物件種別
マンション
構造
鉄筋コンクリート造
損害保険
要
各室専用設備
室内洗濯置場／セパレート（バス・トイレ）／洗面（浴室別）／ガスコンロ／エアコン／インターフォン（TVモニター付)／クローゼット／シューズケース／フローリング／バルコニー
共同設備
オートロック／エレベータ／宅配ボックス／駐輪場／バイク置場／駐車場 ／光ケーブル
取引様態
媒介
","独立洗面化粧台
宅配BOX
エレベーター
","賃料

5.7万円～6.07万円
管理費
7,000円
敷金
1ヶ月分
礼金
1ヶ月分









間取図










","賃料

5.7万円～6.07万円
管理費
7,000円
敷金
1ヶ月分
礼金
1ヶ月分
"
"148","


リバーロードタカノ
リバーロードタカノ","所在地
〒606-8187　京都府京都市左京区一乗寺大原田町
最寄り駅

京都市営バス「高野」停徒歩5分
叡山電鉄叡山本線「茶山」駅 徒歩6分
叡山電鉄叡山本線「一乗寺」駅 徒歩7分
叡山電鉄叡山本線「元田中」駅 徒歩12分
間取り／面積

1K～3K／21m2～44.1m2／9帖
契約年数
2年

更新料
2ヶ月分
完成年月
1985年03月
向き
南
階数・全部屋数

地上7階
建　124部屋

物件種別
マンション
構造
鉄筋コンクリート造
損害保険
要
各室専用設備
シャワー／室内洗濯置場／ユニットバス   ／専用台所／ガスコンロ設置可／エアコン／インターフォン（TVモニター付)／クローゼット／フローリング／バルコニー
共同設備
エレベータ／防犯カメラ／自動販売機／駐輪場／駐車場 ／CATV／インターネット対応
設備備考
コンビニ近い／給湯（ガス）／電気／都市ガス／水道（公営）／排水（公共下水）／専用トイレ（水洗）
取引様態
媒介
","日当良好
水道料無料
コンビニ徒歩3分
","賃料

5万円～7.5万円
管理費
4,500円～8,000円
敷金
5万円
礼金
1.5万円～10万円




















","賃料

5万円～7.5万円
管理費
4,500円～8,000円
敷金
5万円
礼金
1.5万円～10万円
"
"149","


エーフラットタカノ
Ａフラット高野","所在地
〒606-8231　京都府京都市左京区田中上古川町20
最寄り駅

叡山電鉄叡山本線「茶山」駅 徒歩3分
間取り／面積

1K／23.2m2
契約年数
2年

更新料
なし
完成年月
1997年08月
向き
南
階数・全部屋数

地上3階
建　45部屋

物件種別
マンション
構造
鉄筋コンクリート造
損害保険
要
各室専用設備
室内洗濯置場／セパレート（バス・トイレ）／ガスコンロ／エアコン／クローゼット／フローリング／居室仕切ドア
共同設備
オートロック／エレベータ／駐輪場／BSアンテナ／CATV／インターネット対応
設備備考
電気／都市ガス／水道（公営）／排水（公共下水）
取引様態
媒介
","セキュリティ充実
日当良好
オートロック
","賃料

5.9万円～6万円
管理費
3,000円
敷金
5万円
礼金
5万円




















","賃料

5.9万円～6万円
管理費
3,000円
敷金
5万円
礼金
5万円
"
"150","


ロフティマツガサキ
ロフティ松ヶ崎","所在地
〒606-0941　京都府京都市左京区松ケ崎河原田町
最寄り駅

叡山電鉄叡山本線「修学院」駅 徒歩7分
間取り／面積

1R～1K／37m2／7.7帖
契約年数
2年

更新料
なし
完成年月
1990年04月
向き
南
階数・全部屋数

地上2階
建　10部屋

物件種別
マンション
構造
鉄骨造
損害保険
要
各室専用設備
シャワー／エアコン／クローゼット／シューズケース／フローリング／ロフト／居室仕切ドア
共同設備
オートロック／駐輪場／BSアンテナ／CSアンテナ／インターネット対応（無料）
設備備考
給湯（ガス）
取引様態
媒介
","商店街徒歩6分
日当良好
ロフト8.5帖
","賃料

5.6万円～5.7万円
管理費
5,000円
敷金
8万円
礼金
なし




















","賃料

5.6万円～5.7万円
管理費
5,000円
敷金
8万円
礼金
なし
"
"151","


ヴィヴァーチェキタヤマ
ヴィヴァーチェ北山","所在地
〒603-8053　京都府京都市北区上賀茂岩ケ垣内町
最寄り駅

京都市営烏丸線「北山」駅 徒歩4分
京都市営烏丸線「松ヶ崎」駅 徒歩14分
京都市営烏丸線「北大路」駅 自転車8分(約1.8km)
間取り／面積

1K／24.1m2／8帖
契約年数
2年

更新料
1ヶ月分
完成年月
1999年09月
向き
西
階数・全部屋数

地上3階
建　23部屋

物件種別
マンション
構造
鉄筋コンクリート造
損害保険
要
各室専用設備
室内洗濯置場／セパレート（バス・トイレ）／温水洗浄便座／IHコンロ／エアコン／クローゼット／フローリング／バルコニー
共同設備
オートロック／駐輪場／インターネット対応（無料）
設備備考
コンビニ近い
取引様態
媒介
","オートロック
セパレート
温水洗浄便座
","賃料

5.4万円
管理費
6,000円
敷金
5万円
礼金
なし
設備維持費
2,100円









間取図










","賃料

5.4万円
管理費
6,000円
敷金
5万円
礼金
なし
設備維持費
2,100円
"
"152","


メイジカンニシキ
明治館にしき","所在地
〒606-8103　京都府京都市左京区高野西開町
最寄り駅

叡山電鉄叡山本線「元田中」駅 徒歩10分
叡山電鉄叡山本線「出町柳」駅 徒歩14分
京阪本線「出町柳」駅 徒歩15分
間取り／面積

1K／18m2／6帖
契約年数
2年

更新料
1ヶ月分
完成年月
1985年04月
向き
西
階数・全部屋数

地上4階
建　35部屋

物件種別
マンション
構造
鉄筋コンクリート造
損害保険
要
各室専用設備
ユニットバス／3点ユニットバス／専用台所／IHコンロ／エアコン／インターフォン／フローリング／バルコニー／居室照明器具
共同設備
オートロック／共用ランドリー（無料）／駐輪場／駐輪場(原付まで)／CATV／光ケーブル／インターネット対応（無料）
設備備考
コンビニ近い／照明／都市ガス
取引様態
媒介
","ショッピングモール徒歩4分
共用ランドリー無料
IHキッチン
","賃料

3.9万円～6.2万円
敷金
なし
礼金
なし




















","賃料

3.9万円～6.2万円
敷金
なし
礼金
なし
"
"153","


フォレストキタヤマ
フォレスト北山","所在地
〒603-8053　京都府京都市北区上賀茂岩ケ垣内町
最寄り駅

京都市営烏丸線「北山」駅 徒歩2分
京都市営烏丸線「松ヶ崎」駅 徒歩13分
京都市営烏丸線「北大路」駅 徒歩19分
間取り／面積

1K／25.7m2／7.5帖
契約年数
2年

更新料
1ヶ月分
完成年月
1998年01月
向き
東
階数・全部屋数

地上3階
建　10部屋

物件種別
マンション
構造
鉄骨造
損害保険
要
各室専用設備
室内洗濯置場／セパレート（バス・トイレ）／洗面（浴室別）／ガスコンロ設置可／オートロック（指紋認証キー）／フローリング／バルコニー
共同設備
オートロック／駐輪場／バイク置場
取引様態
媒介
","独立洗面化粧台
室内洗濯機置場
日当良好
","賃料

5.7万円
管理費
5,000円
敷金
5万円
礼金
10万円









間取図










","賃料

5.7万円
管理費
5,000円
敷金
5万円
礼金
10万円
"
"154","


セゾンドアオイ
セゾンドアオイ","所在地
〒606-0816　京都府京都市左京区下鴨松ノ木町
最寄り駅

京都市営烏丸線「北大路」駅 徒歩19分
京都市営烏丸線「北山」駅 自転車7分(約1.6km)
京都市営烏丸線「鞍馬口」駅 徒歩18分
間取り／面積

1K／18m2／6帖
契約年数
2年

更新料
1ヶ月分
完成年月
1988年03月
向き
南
階数・全部屋数

地上4階
建　12部屋

物件種別
マンション
構造
鉄骨造
損害保険
要
各室専用設備
ユニットバス／洗濯機／電化キッチン（IH）／冷蔵庫（１ドア）／エアコン／床暖房／インターフォン（TVモニター付)／クローゼット／バルコニー
取引様態
媒介
","広々キッチン
スーパー徒歩圏内
収納あり
","賃料

3.6万円
管理費
5,000円
敷金
なし
礼金
なし


















","賃料

3.6万円
管理費
5,000円
敷金
なし
礼金
なし
"
"155","


カーサ　ファイブ
カーサⅤ","所在地
〒606-8006　京都府京都市左京区山端橋ノ本町
最寄り駅

叡山電鉄叡山本線「修学院」駅 徒歩3分
京都市営烏丸線「松ヶ崎」駅 徒歩18分
叡山電鉄叡山本線「一乗寺」駅 徒歩14分
間取り／面積

1K／25.9m2／8.3帖
契約年数
2年

更新料
なし
完成年月
2006年03月
向き
北西
階数・全部屋数

地上4階
建　21部屋

物件種別
マンション
構造
鉄筋コンクリート造
損害保険
要
各室専用設備
室内洗濯置場／セパレート（バス・トイレ）／洗面（浴室別）／浴室乾燥機／ガスコンロ設置可／エアコン／クローゼット／シューズケース／フローリング／居室仕切ドア
共同設備
オートロック／駐輪場／BSアンテナ
設備備考
コンビニ近い／給湯（ガス）／照明／都市ガス
取引様態
媒介
","浴室乾燥機
室内洗濯機置場
オートロック
","賃料

5.2万円～5.4万円
管理費
3,000円
敷金
1ヶ月分
礼金
なし









間取図










","賃料

5.2万円～5.4万円
管理費
3,000円
敷金
1ヶ月分
礼金
なし
"
"156","


サンクレスト
サンクレスト","所在地
〒606-0826　京都府京都市左京区下鴨西本町
最寄り駅

京都市営烏丸線「北大路」駅 徒歩12分
京都市営烏丸線「北山」駅 徒歩13分
京都市営烏丸線「鞍馬口」駅 徒歩19分
間取り／面積

1R／18.1m2／8帖
契約年数
2年

更新料
1ヶ月分
完成年月
1991年03月
向き
西
階数・全部屋数

地上6階
建　14部屋

物件種別
マンション
構造
鉄筋コンクリート造
損害保険
要
各室専用設備
室内洗濯置場／ユニットバス／ガスコンロ／エアコン／クローゼット／フローリング／ロフト／バルコニー
共同設備
オートロック／エレベータ／駐輪場／インターネット対応（無料）
取引様態
媒介
","ロフト付き
室内洗濯機置場
オートロック
","賃料

4.4万円～4.5万円
管理費
6,000円
敷金
なし
礼金
なし









間取図










","賃料

4.4万円～4.5万円
管理費
6,000円
敷金
なし
礼金
なし
"
"157","


イセヤハウス　ツー
ISEYAHOUSEⅡ","所在地
〒606-0827　京都府京都市左京区下鴨西半木町29-9
最寄り駅

京都市営烏丸線「北山」駅 徒歩12分
京都市営烏丸線「北大路」駅 徒歩12分
京都市営烏丸線「鞍馬口」駅 徒歩19分
間取り／面積

1K／26.4m2／8.1帖
契約年数
2年

更新料
なし
完成年月
1999年12月
向き
東
階数・全部屋数

地上2階
建　4部屋

物件種別
アパート
構造
木造
損害保険
要
各室専用設備
室内洗濯置場／セパレート（バス・トイレ）／温水洗浄便座／ガスコンロ設置可／エアコン／インターフォン（TVモニター付)／クローゼット／フローリング／バルコニー／居室仕切ドア
共同設備
駐輪場／インターネット対応（無料）
取引様態
媒介
","室内洗濯機置場
モニター付インターフォン
2口ガスコンロ持込可
","賃料

5.8万円～5.9万円
管理費
3,000円
敷金
1ヶ月分
礼金
1ヶ月分









間取図










","賃料

5.8万円～5.9万円
管理費
3,000円
敷金
1ヶ月分
礼金
1ヶ月分
"
"158","


リバーサイドタカノ
リバーサイド高野","所在地
〒606-8103　京都府京都市左京区高野西開町
最寄り駅

京都バス「蓼倉橋」停徒歩2分
京阪本線「出町柳」駅 徒歩16分
叡山電鉄叡山本線「出町柳」駅 徒歩15分
叡山電鉄叡山本線「元田中」駅 徒歩9分
間取り／面積

1K／20.8m2～24.9m2／7.2帖～10帖
契約年数
2年

更新料
なし
完成年月
1996年03月
向き
東
階数・全部屋数

地上4階
建　40部屋

物件種別
マンション
構造
鉄筋コンクリート造
損害保険
要
各室専用設備
室内洗濯置場／セパレート（バス・トイレ）／ガスコンロ／エアコン／インターフォン／クローゼット／シューズケース／フローリング／バルコニー／居室仕切ドア
共同設備
オートロック／エレベータ／駐輪場(原付まで)／BSアンテナ／CATV／インターネット対応
設備備考
給湯（ガス）
取引様態
媒介
","コンビニ徒歩2分
ガスキッチン
「蓼倉橋」停徒歩2分
","賃料

4.9万円～5.3万円
管理費
7,500円
敷金
7万円
礼金
10万円




















","賃料

4.9万円～5.3万円
管理費
7,500円
敷金
7万円
礼金
10万円
"
"159","


ハーバルガーデン
ハーバルガーデン","所在地
〒606-8005　京都府京都市左京区山端川岸町３０-２
最寄り駅

叡山電鉄叡山本線「修学院」駅 徒歩4分
叡山電鉄叡山本線「宝ヶ池」駅 徒歩9分
叡山電鉄鞍馬線「宝ヶ池」駅 徒歩9分
間取り／面積

1K／19m2／6帖
契約年数
2年

更新料
なし
完成年月
1995年03月
向き
西
階数・全部屋数

地上4階
建　22部屋

物件種別
マンション
構造
鉄筋コンクリート造
損害保険
要
各室専用設備
室内洗濯置場／セパレート（バス・トイレ）／IHコンロ／エアコン／クローゼット／フローリング／バルコニー
共同設備
駐輪場(原付まで)／インターネット対応（無料）
取引様態
媒介
","バス・トイレ別
室内洗濯機置場
駐輪場（原付き可）
","賃料

4.4万円
管理費
4,000円
敷金
8万円
礼金
なし
設備維持費
2,000円


















","賃料

4.4万円
管理費
4,000円
敷金
8万円
礼金
なし
設備維持費
2,000円
"
"160","


サンシティキョウリツ
サンシティ共立","所在地
〒606-8172　京都府京都市左京区一乗寺河原田町
最寄り駅

叡山電鉄叡山本線「茶山」駅 徒歩5分
叡山電鉄叡山本線「一乗寺」駅 徒歩9分
間取り／面積

1K／21m2／7.5帖
契約年数
2年

更新料
4万円
完成年月
1985年05月
向き
南
階数・全部屋数

地上4階
建　59部屋

物件種別
マンション
構造
鉄筋コンクリート造
損害保険
要
各室専用設備
ユニットバス   ／ガスコンロ／エアコン／クローゼット／フローリング／バルコニー
共同設備
駐輪場／バイク置場／光ケーブル
設備備考
都市ガス
取引様態
媒介
","コンビニ徒歩4分
室内洗濯機置場
ドラッグストア3分
","賃料

3.8万円
管理費
5,000円
敷金
5万円
礼金
なし
設備維持費
2,000円




















","賃料

3.8万円
管理費
5,000円
敷金
5万円
礼金
なし
設備維持費
2,000円
"
"161","


ティーズカサキタシラカワ
ティーズ・カサ北白川","所在地
〒606-8125　京都府京都市左京区一乗寺清水町
最寄り駅

叡山電鉄叡山本線「修学院」駅 徒歩7分
叡山電鉄叡山本線「一乗寺」駅 徒歩9分
叡山電鉄叡山本線「茶山」駅 徒歩18分
間取り／面積

1K／25.4m2／7.3帖
契約年数
2年

更新料
なし
完成年月
2007年09月
向き
東
階数・全部屋数

地上6階
建　22部屋

物件種別
マンション
構造
鉄筋コンクリート造
損害保険
要
各室専用設備
シャワー／室内洗濯置場／独立洗面化粧台／セパレート（バス・トイレ）／システムキッチン／専用台所／ガスキッチン２口／エアコン／インターフォン（TVモニター付)／クローゼット／シューズケース／フローリング／バルコニー／居室仕切ドア
共同設備
オートロック／エレベータ／宅配ボックス／防犯カメラ／駐車場 ／駐輪場(原付まで)／BSアンテナ／CSアンテナ／インターネット対応（無料）
設備備考
給湯（ガス）／電気／都市ガス／水道（公営）／排水（公共下水）／専用トイレ（水洗）
取引様態
媒介
","オートロック
インターネット無料
宅配BOX
","賃料

5.8万円
管理費
7,000円
敷金
なし
礼金
1ヶ月分




















","賃料

5.8万円
管理費
7,000円
敷金
なし
礼金
1ヶ月分
"
"162","


ステーブルキタヤマ
ｓｔａｂｌｅ北山","所在地
〒603-8051　京都府京都市北区上賀茂榊田町
最寄り駅

京都市営烏丸線「北山」駅 徒歩5分
間取り／面積

1R～1K／22.7m2～23m2／7.8帖
契約年数
2年

更新料
なし
完成年月
1999年11月
向き
南、東
階数・全部屋数

地上3階
建　24部屋

物件種別
マンション
構造
鉄筋コンクリート造
損害保険
要
各室専用設備
室内洗濯置場／セパレート（バス・トイレ）／ガスコンロ／エアコン／クローゼット／シューズケース／フローリング／居室仕切ドア
共同設備
オートロック／防犯カメラ／駐輪場／BSアンテナ／インターネット対応（無料）
設備備考
照明／都市ガス
取引様態
媒介
","コンビニ徒歩1分
コンビニ徒歩圏内
日当良好
","賃料

5.4万円
共益費
5,000円
敷金
なし
礼金
なし




















","賃料

5.4万円
共益費
5,000円
敷金
なし
礼金
なし
"
"163","


セントポールシュウガクイン
セントポール修学院","所在地
〒606-8081　京都府京都市左京区修学院大林町
最寄り駅

叡山電鉄叡山本線「修学院」駅 徒歩5分
叡山電鉄叡山本線「一乗寺」駅 徒歩12分
間取り／面積

1K／22m2／8帖
契約年数
2年

更新料
なし
完成年月
1996年03月
向き
西
階数・全部屋数

地上7階
建　45部屋

物件種別
マンション
構造
鉄筋コンクリート造
損害保険
要
各室専用設備
室内洗濯置場／セパレート（バス・トイレ）／ガスコンロ／エアコン／インターフォン（TVモニター付)／クローゼット／フローリング／バルコニー／居室仕切ドア
共同設備
オートロック／エレベータ／駐輪場／バイク置場／BSアンテナ／インターネット対応
設備備考
給湯（ガス）
取引様態
媒介
","オートロック
セパレート
モニター付インターフォン
","賃料

4.7万円～5.1万円
管理費
5,000円
敷金
なし
礼金
なし









間取図










","賃料

4.7万円～5.1万円
管理費
5,000円
敷金
なし
礼金
なし
"
"164","


セブンハイム
セブンハイム","所在地
〒606-8116　京都府京都市左京区一乗寺宮ノ東町
最寄り駅

叡山電鉄叡山本線「一乗寺」駅 徒歩5分
叡山電鉄叡山本線「修学院」駅 徒歩11分
間取り／面積

1K／20m2／8.5帖
契約年数
2年

更新料
1ヶ月分
完成年月
1995年04月
向き
南
階数・全部屋数

地上5階
建　38部屋

物件種別
マンション
構造
鉄筋コンクリート造
損害保険
要
各室専用設備
セパレート（バス・トイレ）／電化キッチン（IH）／エアコン／クローゼット／フローリング／バルコニー
共同設備
オートロック／エレベータ／防犯カメラ／駐輪場／BSアンテナ／CSアンテナ／インターネット対応（無料）
取引様態
媒介
","コンビニ徒歩2分
ドラッグストア徒歩2分
IHキッチン
","賃料

4.2万円～4.8万円
管理費
6,000円
敷金
なし
礼金
なし
設備維持費
2,000円




















","賃料

4.2万円～4.8万円
管理費
6,000円
敷金
なし
礼金
なし
設備維持費
2,000円
"
"165","


メゾンジョアパートワン
メゾンジョアPART1","所在地
〒606-0933　京都府京都市左京区松ケ崎西山
最寄り駅

京都市営烏丸線「北山」駅 徒歩13分
京都市営烏丸線「松ヶ崎」駅 徒歩17分
京都市営烏丸線「国際会館」駅 自転車9分(約2.0km)
間取り／面積

1K／17.7m2～20.6m2／6帖
契約年数
2年

更新料
なし
完成年月
1986年01月
向き
東
階数・全部屋数

地上3階
建　37部屋

物件種別
マンション
構造
鉄筋コンクリート造
損害保険
要
各室専用設備
室内洗濯置場／ユニットバス   ／ガスコンロ設置可／エアコン／クローゼット／フローリング／バルコニー
共同設備
オートロック／駐輪場(原付まで)／インターネット対応（無料）
設備備考
給湯（ガス）／電気
取引様態
媒介
","光ネット無料
オートロック
室内洗濯機置場
","賃料

2.9万円～3.1万円
共益費
5,000円
敷金
2万円
礼金
なし
設備維持費
2,000円




















","賃料

2.9万円～3.1万円
共益費
5,000円
敷金
2万円
礼金
なし
設備維持費
2,000円
"
"166","


ハウスセゾンチャヤマ
ハウスセゾン茶山","所在地
〒606-8232　京都府京都市左京区田中古川町30
最寄り駅

京都市営バス「田中大久保町」停徒歩4分
叡山電鉄叡山本線「茶山」駅 徒歩2分
叡山電鉄叡山本線「元田中」駅 徒歩8分
叡山電鉄叡山本線「一乗寺」駅 徒歩11分
間取り／面積

1K／24.8m2／9帖
契約年数
2年

更新料
1ヶ月分
完成年月
2003年04月
向き
南、北
階数・全部屋数

地上6階
建　20部屋

物件種別
マンション
構造
鉄筋コンクリート造
損害保険
要
各室専用設備
室内洗濯置場／セパレート（バス・トイレ）／ガスコンロ設置可／エアコン／インターフォン／クローゼット／シューズケース／フローリング／バルコニー／居室仕切ドア
共同設備
オートロック／エレベータ／駐輪場(原付まで)／CATV／インターネット対応
取引様態
媒介
","オートロック
大型スーパー徒歩8分
ゴミ毎日回収
","賃料

5.5万円～6万円
管理費
6,000円
敷金
8万円
礼金
5万円




















","賃料

5.5万円～6万円
管理費
6,000円
敷金
8万円
礼金
5万円
"
"167","


コーポヤマゼン
コーポ山善","所在地
〒603-8051　京都府京都市北区上賀茂榊田町
最寄り駅

京都市営烏丸線「北山」駅 徒歩7分
京都市営烏丸線「松ヶ崎」駅 徒歩17分
京都市営烏丸線「北大路」駅 自転車8分(約1.8km)
間取り／面積

1K／17.8m2／7帖
契約年数
2年

更新料
なし
完成年月
1971年01月
向き
西
階数・全部屋数

地上3階
建　10部屋

物件種別
マンション
構造
鉄骨造
損害保険
要
各室専用設備
セパレート（バス・トイレ）／ユニットバス   ／室外洗濯機置場／ガスコンロ設置可／エアコン／クローゼット／フローリング／バルコニー／居室仕切ドア
共同設備
駐輪場(原付まで)／BSアンテナ
設備備考
コンビニ近い
取引様態
媒介
","2口ガスコンロ持込可
フローリング
駐輪場あり（原付きまで）
","賃料

3.7万円
管理費
6,000円
敷金
なし
礼金
なし









間取図










","賃料

3.7万円
管理費
6,000円
敷金
なし
礼金
なし
"
"168","


ミアケビル
三宅ビル","所在地
〒606-0827　京都府京都市左京区下鴨西半木町３
最寄り駅

京都市営烏丸線「北大路」駅 徒歩7分
京都市営烏丸線「北山」駅 徒歩15分
京都市営烏丸線「松ヶ崎」駅 自転車8分(約1.8km)
間取り／面積

1K／22.6m2／8帖
契約年数
2年

更新料
1ヶ月分
完成年月
1997年03月
向き
南
階数・全部屋数

地上6階
建　14部屋

物件種別
マンション
構造
鉄筋コンクリート造
損害保険
要
各室専用設備
シャワー／室内洗濯置場／セパレート（バス・トイレ）／洗濯機／ガスコンロ／エアコン／インターフォン／クローゼット／フローリング／バルコニー／居室仕切ドア
共同設備
オートロック／エレベータ／駐輪場／BSアンテナ／インターネット対応
設備備考
給湯（ガス）／電気／水道（公営）／排水（公共下水）／専用トイレ（水洗）
取引様態
媒介
","セパレート
オートロック
フローリング
","賃料

5.5万円
管理費
4,000円
敷金
5万円
礼金
10万円
設備維持費
2,000円




















","賃料

5.5万円
管理費
4,000円
敷金
5万円
礼金
10万円
設備維持費
2,000円
"
"169","


フラッティキョウダイキタ
フラッティ京大北","所在地
〒606-8232　京都府京都市左京区田中古川町34-2
最寄り駅

京都市営バス「田中大久保町」停徒歩4分
叡山電鉄叡山本線「茶山」駅 徒歩3分
叡山電鉄叡山本線「元田中」駅 徒歩8分
叡山電鉄叡山本線「一乗寺」駅 徒歩11分
間取り／面積

1K／22.3m2／8帖
契約年数
2年

更新料
1ヶ月分
完成年月
2010年06月
向き
南、北
階数・全部屋数

地上4階
建　27部屋

物件種別
マンション
構造
鉄骨造
損害保険
要
各室専用設備
シャワー／室内洗濯置場／独立洗面化粧台／温水洗浄便座／浴室乾燥機／浴室テレビ／システムキッチン／専用台所／ガスキッチン２口／エアコン／インターフォン（TVモニター付)／クローゼット／吊棚／フローリング／バルコニー／居室仕切ドア
共同設備
オートロック／宅配ボックス／駐輪場／インターネット対応（無料）
設備備考
給湯（ガス）／電気／都市ガス／水道（公営）／排水（公共下水）／専用トイレ（水洗）
取引様態
媒介
","グリル付きガスキッチン2口
独立洗面化粧台
「茶山」駅徒歩2分
","賃料

5.6万円～5.9万円
管理費
6,000円
敷金
なし
礼金
10万円
設備維持費
2,000円




















","賃料

5.6万円～5.9万円
管理費
6,000円
敷金
なし
礼金
10万円
設備維持費
2,000円
"
"170","


メゾンケースリー
メゾンK-three","所在地
〒606-8232　京都府京都市左京区田中古川町
最寄り駅

京都市営バス「田中大久保町」停徒歩4分
叡山電鉄叡山本線「茶山」駅 徒歩1分
叡山電鉄叡山本線「元田中」駅 徒歩7分
叡山電鉄叡山本線「一乗寺」駅 徒歩11分
間取り／面積

1K／25.4m2～27.5m2／9.1帖～9.7帖
契約年数
2年

更新料
1ヶ月分
完成年月
2003年04月
向き
南、東
階数・全部屋数

地上4階
建　23部屋

物件種別
マンション
構造
鉄筋コンクリート造
損害保険
要
各室専用設備
セパレート（バス・トイレ）／洗面（浴室別）／ガスコンロ設置可／エアコン／インターフォン／クローゼット／シューズケース／フローリング／バルコニー／居室仕切ドア
共同設備
オートロック／エレベータ／駐輪場(原付まで)／BSアンテナ／CATV／インターネット対応
取引様態
媒介
","オートロック
コンビニ徒歩4分
ゴミ毎日回収
","賃料

5.5万円～6.2万円
管理費
6,000円
敷金
1ヶ月分
礼金
1ヶ月分
設備維持費
0円～2,500円




















","賃料

5.5万円～6.2万円
管理費
6,000円
敷金
1ヶ月分
礼金
1ヶ月分
設備維持費
0円～2,500円
"
"171","


メゾンラココネ
メゾン・ラ・ココネ","所在地
〒606-8171　京都府京都市左京区一乗寺西水干町
最寄り駅

叡山電鉄叡山本線「茶山」駅 徒歩3分
叡山電鉄叡山本線「元田中」駅 徒歩9分
叡山電鉄叡山本線「一乗寺」駅 徒歩10分
間取り／面積

1K／19.8m2／9.5帖
契約年数
2年

更新料
なし
完成年月
1988年03月
向き
東
階数・全部屋数

地上3階
建　47部屋

物件種別
マンション
構造
鉄筋コンクリート造
損害保険
要
各室専用設備
室内洗濯置場／エアコン／クローゼット／フローリング／バルコニー
共同設備
駐輪場
設備備考
コンビニ近い
取引様態
媒介
","水道料は共益費込
コンビニ徒歩2分
室内洗濯機置場
","賃料

3.5万円～4.3万円
管理費
3,000円
敷金
5万円
礼金
なし




















","賃料

3.5万円～4.3万円
管理費
3,000円
敷金
5万円
礼金
なし
"
"172","


ハイツテル
ハイツテル","所在地
〒606-8084　京都府京都市左京区修学院薬師堂町
最寄り駅

叡山電鉄叡山本線「修学院」駅 徒歩5分
叡山電鉄叡山本線「宝ヶ池」駅 徒歩13分
叡山電鉄鞍馬線「宝ヶ池」駅 徒歩13分
間取り／面積

1K／18m2／6帖
契約年数
2年

更新料
なし
完成年月
1984年11月
向き
西
階数・全部屋数

地上2階
建　12部屋

物件種別
アパート
構造
鉄骨造
損害保険
要
各室専用設備
ユニットバス／室外洗濯機置場／ガスキッチン２口／エアコン／クローゼット／バルコニー／居室仕切ドア
共同設備
駐輪場
取引様態
媒介
","エアコン
駐輪場
仕切り扉
","賃料

3.2万円～3.4万円
管理費
3,000円
敷金
1ヶ月分
礼金
なし









間取図










","賃料

3.2万円～3.4万円
管理費
3,000円
敷金
1ヶ月分
礼金
なし
"
"173","


エンゼルプラザキョウト
エンゼルプラザ京都","所在地
〒606-8102　京都府京都市左京区高野清水町
最寄り駅

京都市営バス「叡電元田中」停徒歩4分
叡山電鉄叡山本線「元田中」駅 徒歩4分
京阪本線「出町柳」駅 徒歩12分
叡山電鉄叡山本線「出町柳」駅 徒歩12分
間取り／面積

1K～1DK／27.1m2～31.5m2／9.7帖～13.4帖
契約年数
2年

更新料
なし
完成年月
2005年03月
向き
南西、北西、南東
階数・全部屋数

地上7階
建　90部屋

物件種別
マンション
構造
鉄筋コンクリート造
損害保険
要
各室専用設備
シャワー／室内洗濯置場／独立洗面化粧台／セパレート（バス・トイレ）／洗面（浴室別）／温水洗浄便座／専用台所／電化キッチン２口（RH）／エアコン／インターフォン（TVモニター付)／センサー感知ライト／ディンプルキー／クローゼット／シューズケース／吊棚／フローリング／バルコニー／居室仕切ドア
共同設備
オートロック／エレベータ／宅配ボックス／防犯カメラ／駐輪場（大型バイク可）／BSアンテナ／CSアンテナ／インターネット対応／浄水器設置
取引様態
媒介
","独立洗面化粧台
温水洗浄便座
ショッピングモール徒歩9分
","賃料

5.3万円～6.7万円
管理費
6,000円
敷金
7万円
礼金
7万円









間取り










","賃料

5.3万円～6.7万円
管理費
6,000円
敷金
7万円
礼金
7万円
"
"174","


ソウセンシャ
創染舎","所在地
〒606-8233　京都府京都市左京区田中北春菜町
最寄り駅

叡山電鉄叡山本線「茶山」駅 徒歩2分
叡山電鉄叡山本線「元田中」駅 徒歩6分
叡山電鉄叡山本線「一乗寺」駅 徒歩13分
間取り／面積

1K／28m2／12帖
契約年数
2年

更新料
なし
完成年月
2005年12月
向き
南
階数・全部屋数

地上3階
建　26部屋

物件種別
マンション
構造
鉄筋コンクリート造
損害保険
要
各室専用設備
セパレート（バス・トイレ）／洗面（浴室別）／ガスコンロ／エアコン／インターフォン／クローゼット／フローリング／バルコニー
共同設備
オートロック／駐輪場／駐車場 ／BSアンテナ
設備備考
コンビニ近い
取引様態
媒介
","コンビニ徒歩2分
独立洗面化粧台
ショッピングモール徒歩11分
","賃料

5.8万円～6.1万円
管理費
6,000円
敷金
1ヶ月分
礼金
3万円～5万円




















","賃料

5.8万円～6.1万円
管理費
6,000円
敷金
1ヶ月分
礼金
3万円～5万円
"
"175","


アークリードラクホク
アークリード洛北","所在地
〒606-8236　京都府京都市左京区田中大久保町
最寄り駅

叡山電鉄叡山本線「茶山」駅 徒歩3分
叡山電鉄叡山本線「元田中」駅 徒歩6分
叡山電鉄叡山本線「一乗寺」駅 徒歩13分
間取り／面積

1K／21.8m2／8帖
契約年数
2年

更新料
なし
完成年月
2016年01月
向き
南
階数・全部屋数

地上4階
建　36部屋

物件種別
マンション
構造
鉄骨造
損害保険
要
各室専用設備
洗面（浴室別）／浴室乾燥機／浴室テレビ／システムキッチン／ガスキッチン２口／エアコン／インターフォン（TVモニター付)／クローゼット／フローリング／バルコニー
共同設備
オートロック／エレベータ／宅配ボックス／駐輪場／インターネット対応（無料）
取引様態
媒介
","セキュリティ充実
宅配BOX
独立洗面化粧台
","賃料

6万円～6.5万円
管理費
6,000円
敷金
なし
礼金
10万円




















","賃料

6万円～6.5万円
管理費
6,000円
敷金
なし
礼金
10万円
"
"176","


ロイヤルコーポタカハラ
ロイヤルコーポタカハラ","所在地
〒606-8241　京都府京都市左京区田中西高原町
最寄り駅

叡山電鉄叡山本線「茶山」駅 徒歩3分
叡山電鉄叡山本線「元田中」駅 徒歩9分
叡山電鉄叡山本線「出町柳」駅 自転車7分(約1.7km)
間取り／面積

1K／17.2m2／6帖
契約年数
4年

更新料
1ヶ月分
完成年月
1981年02月
向き
北
階数・全部屋数

地上5階
建　65部屋

物件種別
マンション
構造
鉄骨造
損害保険
要
各室専用設備
ユニットバス／3点ユニットバス／専用台所／ガスコンロ設置可／エアコン／インターフォン／クローゼット／フローリング／バルコニー
共同設備
オートロック／自動販売機／コインランドリー／駐輪場／BSアンテナ／光ケーブル／インターネット対応
設備備考
コンビニ近い／都市ガス
取引様態
媒介
","光ネット
家賃リーズナブル
落ち着いた環境
","賃料

3.2万円～3.9万円
管理費
2,000円
敷金
5万円
礼金
なし




















","賃料

3.2万円～3.9万円
管理費
2,000円
敷金
5万円
礼金
なし
"
"177","


ケイズキタシラカワ
K’s北白川","所在地
〒606-8161　京都府京都市左京区一乗寺木ノ本町
最寄り駅

叡山電鉄叡山本線「一乗寺」駅 徒歩10分
叡山電鉄叡山本線「茶山」駅 徒歩10分
間取り／面積

1K／22.4m2／10.3帖
契約年数
1年

更新料
なし
完成年月
1997年02月
向き
南
階数・全部屋数

地上5階
建　22部屋

物件種別
マンション
構造
軽量気泡コンクリート造
損害保険
要
各室専用設備
室内洗濯置場／セパレート（バス・トイレ）／電気コンロ／エアコン／クローゼット／バルコニー
共同設備
エレベータ／駐輪場／BSアンテナ／光ケーブル
設備備考
コンビニ近い
取引様態
媒介
","コンビニ徒歩2分
室内洗濯機置場
セパレート
","賃料

4.8万円～4.9万円
管理費
5,000円
敷金
5万円
礼金
5万円
設備維持費
2,000円




















","賃料

4.8万円～4.9万円
管理費
5,000円
敷金
5万円
礼金
5万円
設備維持費
2,000円
"
"178","


ミネキタヤマ１
ミネ北山１","所在地
〒603-8051　京都府京都市北区上賀茂榊田町
最寄り駅

京都市営烏丸線「北山」駅 徒歩9分
京都市営烏丸線「北大路」駅 自転車7分(約1.6km)
京都市営烏丸線「松ヶ崎」駅 自転車7分(約1.6km)
間取り／面積

1K／30.7m2／10.1帖
契約年数
2年

更新料
1ヶ月分
完成年月
1969年08月
向き
南
階数・全部屋数

地上3階
建　7部屋

物件種別
マンション
構造
軽量気泡コンクリート造
損害保険
要
各室専用設備
室内洗濯置場／ガスコンロ設置可／エアコン／クローゼット／フローリング／居室仕切ドア
共同設備
駐輪場
取引様態
媒介
","2口ガスキッチン
室内洗濯機置場
セパレート
","賃料

5.8万円
管理費
5,000円
敷金
1ヶ月分
礼金
1ヶ月分









間取図










","賃料

5.8万円
管理費
5,000円
敷金
1ヶ月分
礼金
1ヶ月分
"
"179","


ヴィラキタシラカワ
ヴィラ北白川","所在地
〒606-8242　京都府京都市左京区田中高原町
最寄り駅

叡山電鉄叡山本線「茶山」駅 徒歩4分
叡山電鉄叡山本線「元田中」駅 徒歩9分
叡山電鉄叡山本線「一乗寺」駅 徒歩13分
間取り／面積

1K／29.1m2
契約年数
2年

更新料
なし
完成年月
2015年03月
向き
北
階数・全部屋数

地上4階
建　14部屋

物件種別
マンション
構造
鉄筋コンクリート造
損害保険
要
各室専用設備
室内洗濯置場／独立洗面化粧台／セパレート（バス・トイレ）／電化キッチン（IH）／電化キッチン２口（IH）／エアコン／インターフォン（TVモニター付)／ディンプルキー／バルコニー
共同設備
オートロック／駐輪場／インターネット対応（無料）
設備備考
コンビニ近い／都市ガス
取引様態
媒介
","コンビニ徒歩２分！
室内洗濯機置場や独立洗面台など嬉しい設備♪
料理好きには嬉しいIH2口コンロ付システムキッチン、
","賃料

5.1万円～11.9万円
管理費
4,000円
敷金
3万円～10万円
礼金
10万円～15万円




















","賃料

5.1万円～11.9万円
管理費
4,000円
敷金
3万円～10万円
礼金
10万円～15万円
"
"180","


リサイドエス
リサイドS","所在地
〒606-8236　京都府京都市左京区田中大久保町55-1
最寄り駅

叡山電鉄叡山本線「元田中」駅 徒歩4分
叡山電鉄叡山本線「茶山」駅 徒歩4分
叡山電鉄叡山本線「出町柳」駅 徒歩17分
間取り／面積

1K／29.8m2／10帖
契約年数
2年

更新料
1ヶ月分
完成年月
1990年04月
向き
南
階数・全部屋数

地上3階
建　8部屋

物件種別
マンション
構造
鉄骨造
損害保険
要
各室専用設備
セパレート（バス・トイレ）／ガスコンロ設置可／エアコン／クローゼット／フローリング／バルコニー
共同設備
駐輪場
取引様態
媒介
","セパレート
インターネット無料
最寄駅まで徒歩4分
","賃料

5.2万円
管理費
6,000円
敷金
なし
礼金
1ヶ月分




















","賃料

5.2万円
管理費
6,000円
敷金
なし
礼金
1ヶ月分
"
